prompt,image,num_frames,frame_rate
分镜001: 大远景，荒漠中一条废弃公路延伸向远方的原子朋克小镇，热浪扭曲空气，寂静无人,https://platform-outputs.agnes-ai.space/images/text-to-image/2026/06/67ead2518a4f4756927897af40fd121a.png|https://platform-outputs.agnes-ai.space/images/text-to-image/2026/06/d8fef3d9410c4437be04bdd90f2fd5fb.png|https://platform-outputs.agnes-ai.space/images/text-to-image/2026/06/835416ff64ca4e04b01f167ac4e8c777.png,121,24
分镜002: 远景跟拍，一辆改装越野车在荒漠公路上行驶，扬起尘土，镜头跟随车辆平移,https://platform-outputs.agnes-ai.space/images/text-to-image/2026/06/67ead2518a4f4756927897af40fd121a.png|https://platform-outputs.agnes-ai.space/images/text-to-image/2026/06/d8fef3d9410c4437be04bdd90f2fd5fb.png|https://platform-outputs.agnes-ai.space/images/text-to-image/2026/06/835416ff64ca4e04b01f167ac4e8c777.png,121,24
分镜003: 中景车内，机器人清道夫手握方向盘，LED面部显示专注表情，车内仪表盘闪烁,https://platform-outputs.agnes-ai.space/images/text-to-image/2026/06/67ead2518a4f4756927897af40fd121a.png|https://platform-outputs.agnes-ai.space/images/text-to-image/2026/06/3964f511eee347afae9a4b26aeffcf94.png|https://platform-outputs.agnes-ai.space/images/text-to-image/2026/06/2bf7613e54e947f28132460e160e9a57.png,121,24
分镜004: 主观视角，透过挡风玻璃看小镇越来越近，破败建筑轮廓清晰，风滚草吹过路面,https://platform-outputs.agnes-ai.space/images/text-to-image/2026/06/67ead2518a4f4756927897af40fd121a.png|https://platform-outputs.agnes-ai.space/images/text-to-image/2026/06/d8fef3d9410c4437be04bdd90f2fd5fb.png|https://platform-outputs.agnes-ai.space/images/text-to-image/2026/06/835416ff64ca4e04b01f167ac4e8c777.png,121,24
分镜005: 特写机器人手部操作换挡，机械关节精确运动，金属手指敲击档杆,https://platform-outputs.agnes-ai.space/images/text-to-image/2026/06/337e2c0237654a879c1ada40e6f5f67d.png|https://platform-outputs.agnes-ai.space/images/text-to-image/2026/06/67ead2518a4f4756927897af40fd121a.png|https://platform-outputs.agnes-ai.space/images/text-to-image/2026/06/2bf7613e54e947f28132460e160e9a57.png,121,24
分镜006: 远景低角度，车辆驶过倒在路边的路牌，镜头仰拍,https://platform-outputs.agnes-ai.space/images/text-to-image/2026/06/67ead2518a4f4756927897af40fd121a.png|https://platform-outputs.agnes-ai.space/images/text-to-image/2026/06/d8fef3d9410c4437be04bdd90f2fd5fb.png|https://platform-outputs.agnes-ai.space/images/text-to-image/2026/06/c6649cadabb54aed9d6d72c0855d06d4.png,121,24
分镜007: 中景侧面，车辆经过废弃加油站，破碎玻璃，锈蚀油泵，快速闪过,https://platform-outputs.agnes-ai.space/images/text-to-image/2026/06/67ead2518a4f4756927897af40fd121a.png|https://platform-outputs.agnes-ai.space/images/text-to-image/2026/06/d8fef3d9410c4437be04bdd90f2fd5fb.png|https://platform-outputs.agnes-ai.space/images/text-to-image/2026/06/0571075c01114aa4bdff7d876e1b40d8.png,121,24
分镜008: 车载镜头，车辆减速驶入主街道，两旁荒废店面，风吹报纸飘过路面,https://platform-outputs.agnes-ai.space/images/text-to-image/2026/06/67ead2518a4f4756927897af40fd121a.png|https://platform-outputs.agnes-ai.space/images/text-to-image/2026/06/d8fef3d9410c4437be04bdd90f2fd5fb.png|https://platform-outputs.agnes-ai.space/images/text-to-image/2026/06/c6649cadabb54aed9d6d72c0855d06d4.png,121,24
分镜009: 全景，车辆停在街道中央，引擎熄火，蒸汽从引擎盖冒出，镜头环绕,https://platform-outputs.agnes-ai.space/images/text-to-image/2026/06/67ead2518a4f4756927897af40fd121a.png|https://platform-outputs.agnes-ai.space/images/text-to-image/2026/06/d8fef3d9410c4437be04bdd90f2fd5fb.png|https://platform-outputs.agnes-ai.space/images/text-to-image/2026/06/2bf7613e54e947f28132460e160e9a57.png,121,24
分镜010: 特写车门打开，机械靴子踩在沥青路面上，激起一小片尘土,https://platform-outputs.agnes-ai.space/images/text-to-image/2026/06/337e2c0237654a879c1ada40e6f5f67d.png|https://platform-outputs.agnes-ai.space/images/text-to-image/2026/06/67ead2518a4f4756927897af40fd121a.png|https://platform-outputs.agnes-ai.space/images/text-to-image/2026/06/d8fef3d9410c4437be04bdd90f2fd5fb.png,121,24
分镜011: 中低角度，机器人从车里站起，全景展示全身造型，LED面部扫描四周,https://platform-outputs.agnes-ai.space/images/text-to-image/2026/06/67ead2518a4f4756927897af40fd121a.png|https://platform-outputs.agnes-ai.space/images/text-to-image/2026/06/3964f511eee347afae9a4b26aeffcf94.png|https://platform-outputs.agnes-ai.space/images/text-to-image/2026/06/d8fef3d9410c4437be04bdd90f2fd5fb.png,121,24
分镜012: 360度环绕镜头，机器人站在车旁观察环境，手放在枪套上，缓慢转身,https://platform-outputs.agnes-ai.space/images/text-to-image/2026/06/67ead2518a4f4756927897af40fd121a.png|https://platform-outputs.agnes-ai.space/images/text-to-image/2026/06/d8fef3d9410c4437be04bdd90f2fd5fb.png|https://platform-outputs.agnes-ai.space/images/text-to-image/2026/06/2bf7613e54e947f28132460e160e9a57.png,121,24
分镜013: 特写LED面部表情变化：从冷漠切换到警惕，蓝色光芒微微闪烁,https://platform-outputs.agnes-ai.space/images/text-to-image/2026/06/3964f511eee347afae9a4b26aeffcf94.png|https://platform-outputs.agnes-ai.space/images/text-to-image/2026/06/67ead2518a4f4756927897af40fd121a.png|https://platform-outputs.agnes-ai.space/images/text-to-image/2026/06/c6649cadabb54aed9d6d72c0855d06d4.png,121,24
分镜014: 中景，机器人走向车头，检查引擎盖下冒出的蒸汽,https://platform-outputs.agnes-ai.space/images/text-to-image/2026/06/67ead2518a4f4756927897af40fd121a.png|https://platform-outputs.agnes-ai.space/images/text-to-image/2026/06/337e2c0237654a879c1ada40e6f5f67d.png|https://platform-outputs.agnes-ai.space/images/text-to-image/2026/06/d8fef3d9410c4437be04bdd90f2fd5fb.png,121,24
分镜015: 远景高角度，展示小镇全貌：机器人、车辆、废弃街道,https://platform-outputs.agnes-ai.space/images/text-to-image/2026/06/67ead2518a4f4756927897af40fd121a.png|https://platform-outputs.agnes-ai.space/images/text-to-image/2026/06/d8fef3d9410c4437be04bdd90f2fd5fb.png|https://platform-outputs.agnes-ai.space/images/text-to-image/2026/06/835416ff64ca4e04b01f167ac4e8c777.png,121,24
分镜016: 中景跟拍，机器人沿街道行走，左右观察，镜头缓慢平移,https://platform-outputs.agnes-ai.space/images/text-to-image/2026/06/67ead2518a4f4756927897af40fd121a.png|https://platform-outputs.agnes-ai.space/images/text-to-image/2026/06/d8fef3d9410c4437be04bdd90f2fd5fb.png|https://platform-outputs.agnes-ai.space/images/text-to-image/2026/06/2bf7613e54e947f28132460e160e9a57.png,121,24
分镜017: 机器人停在废弃超市前，LED显示思考表情，看招牌,https://platform-outputs.agnes-ai.space/images/text-to-image/2026/06/67ead2518a4f4756927897af40fd121a.png|https://platform-outputs.agnes-ai.space/images/text-to-image/2026/06/d8fef3d9410c4437be04bdd90f2fd5fb.png|https://platform-outputs.agnes-ai.space/images/text-to-image/2026/06/0571075c01114aa4bdff7d876e1b40d8.png,121,24
分镜018: 特写手部推开门，门铰链发出刺耳声，裂缝透光,https://platform-outputs.agnes-ai.space/images/text-to-image/2026/06/337e2c0237654a879c1ada40e6f5f67d.png|https://platform-outputs.agnes-ai.space/images/text-to-image/2026/06/67ead2518a4f4756927897af40fd121a.png|https://platform-outputs.agnes-ai.space/images/text-to-image/2026/06/0571075c01114aa4bdff7d876e1b40d8.png,121,24
分镜019: 中景推镜头进入超市内部，货架倒塌散落杂物,https://platform-outputs.agnes-ai.space/images/text-to-image/2026/06/0571075c01114aa4bdff7d876e1b40d8.png|https://platform-outputs.agnes-ai.space/images/text-to-image/2026/06/67ead2518a4f4756927897af40fd121a.png|https://platform-outputs.agnes-ai.space/images/text-to-image/2026/06/d8fef3d9410c4437be04bdd90f2fd5fb.png,121,24
分镜020: 机器人走过货架，手指扫过灰尘覆盖的罐头，LED闪烁,https://platform-outputs.agnes-ai.space/images/text-to-image/2026/06/67ead2518a4f4756927897af40fd121a.png|https://platform-outputs.agnes-ai.space/images/text-to-image/2026/06/337e2c0237654a879c1ada40e6f5f67d.png|https://platform-outputs.agnes-ai.space/images/text-to-image/2026/06/0571075c01114aa4bdff7d876e1b40d8.png,121,24
分镜021: 特写罐头标贴，机器人手指拿起罐头检查,https://platform-outputs.agnes-ai.space/images/text-to-image/2026/06/337e2c0237654a879c1ada40e6f5f67d.png|https://platform-outputs.agnes-ai.space/images/text-to-image/2026/06/0571075c01114aa4bdff7d876e1b40d8.png|https://platform-outputs.agnes-ai.space/images/text-to-image/2026/06/2bf7613e54e947f28132460e160e9a57.png,121,24
分镜022: 中景，机器人将罐头装入背包，继续搜索,https://platform-outputs.agnes-ai.space/images/text-to-image/2026/06/67ead2518a4f4756927897af40fd121a.png|https://platform-outputs.agnes-ai.space/images/text-to-image/2026/06/0571075c01114aa4bdff7d876e1b40d8.png|https://platform-outputs.agnes-ai.space/images/text-to-image/2026/06/3964f511eee347afae9a4b26aeffcf94.png,121,24
分镜023: 突然远处传来撞击声，机器人立刻停住，LED切换为警觉,https://platform-outputs.agnes-ai.space/images/text-to-image/2026/06/3964f511eee347afae9a4b26aeffcf94.png|https://platform-outputs.agnes-ai.space/images/text-to-image/2026/06/67ead2518a4f4756927897af40fd121a.png|https://platform-outputs.agnes-ai.space/images/text-to-image/2026/06/0571075c01114aa4bdff7d876e1b40d8.png,121,24
分镜024: 特写耳朵机械传感器微微转动，捕捉声音方向,https://platform-outputs.agnes-ai.space/images/text-to-image/2026/06/67ead2518a4f4756927897af40fd121a.png|https://platform-outputs.agnes-ai.space/images/text-to-image/2026/06/337e2c0237654a879c1ada40e6f5f67d.png|https://platform-outputs.agnes-ai.space/images/text-to-image/2026/06/0571075c01114aa4bdff7d876e1b40d8.png,121,24
分镜025: 中景，机器人缓慢转身，手部移向枪套，凝视超市深处,https://platform-outputs.agnes-ai.space/images/text-to-image/2026/06/67ead2518a4f4756927897af40fd121a.png|https://platform-outputs.agnes-ai.space/images/text-to-image/2026/06/2bf7613e54e947f28132460e160e9a57.png|https://platform-outputs.agnes-ai.space/images/text-to-image/2026/06/c6649cadabb54aed9d6d72c0855d06d4.png,121,24
分镜026: 主观视角透过倒塌货架看向黑暗中的门道,https://platform-outputs.agnes-ai.space/images/text-to-image/2026/06/0571075c01114aa4bdff7d876e1b40d8.png|https://platform-outputs.agnes-ai.space/images/text-to-image/2026/06/c6649cadabb54aed9d6d72c0855d06d4.png|https://platform-outputs.agnes-ai.space/images/text-to-image/2026/06/67ead2518a4f4756927897af40fd121a.png,121,24
分镜027: 机器人向前缓慢移动，靴子踩在碎玻璃上发出声响,https://platform-outputs.agnes-ai.space/images/text-to-image/2026/06/67ead2518a4f4756927897af40fd121a.png|https://platform-outputs.agnes-ai.space/images/text-to-image/2026/06/337e2c0237654a879c1ada40e6f5f67d.png|https://platform-outputs.agnes-ai.space/images/text-to-image/2026/06/0571075c01114aa4bdff7d876e1b40d8.png,121,24
分镜028: 中景，机器人到达内部门口，侧身倾听，手按在枪上,https://platform-outputs.agnes-ai.space/images/text-to-image/2026/06/67ead2518a4f4756927897af40fd121a.png|https://platform-outputs.agnes-ai.space/images/text-to-image/2026/06/2bf7613e54e947f28132460e160e9a57.png|https://platform-outputs.agnes-ai.space/images/text-to-image/2026/06/3964f511eee347afae9a4b26aeffcf94.png,121,24
分镜029: 推开门进入仓库区，昏暗光线，天花板漏水形成水坑,https://platform-outputs.agnes-ai.space/images/text-to-image/2026/06/0571075c01114aa4bdff7d876e1b40d8.png|https://platform-outputs.agnes-ai.space/images/text-to-image/2026/06/67ead2518a4f4756927897af40fd121a.png|https://platform-outputs.agnes-ai.space/images/text-to-image/2026/06/2bf7613e54e947f28132460e160e9a57.png,121,24
分镜030: 中景，机器人搜索仓库货架，找到弹药箱，LED显示满意,https://platform-outputs.agnes-ai.space/images/text-to-image/2026/06/67ead2518a4f4756927897af40fd121a.png|https://platform-outputs.agnes-ai.space/images/text-to-image/2026/06/3964f511eee347afae9a4b26aeffcf94.png|https://platform-outputs.agnes-ai.space/images/text-to-image/2026/06/2bf7613e54e947f28132460e160e9a57.png,121,24
分镜031: 特写手指打开弹药箱，看到一排整齐的左轮手枪子弹,https://platform-outputs.agnes-ai.space/images/text-to-image/2026/06/337e2c0237654a879c1ada40e6f5f67d.png|https://platform-outputs.agnes-ai.space/images/text-to-image/2026/06/2bf7613e54e947f28132460e160e9a57.png|https://platform-outputs.agnes-ai.space/images/text-to-image/2026/06/67ead2518a4f4756927897af40fd121a.png,121,24
分镜032: 机器人取出一排子弹，放入背包，动作精准流畅,https://platform-outputs.agnes-ai.space/images/text-to-image/2026/06/67ead2518a4f4756927897af40fd121a.png|https://platform-outputs.agnes-ai.space/images/text-to-image/2026/06/337e2c0237654a879c1ada40e6f5f67d.png|https://platform-outputs.agnes-ai.space/images/text-to-image/2026/06/2bf7613e54e947f28132460e160e9a57.png,121,24
分镜033: 外面传来第二声撞击，比上次更大，玻璃震碎的声音,https://platform-outputs.agnes-ai.space/images/text-to-image/2026/06/3964f511eee347afae9a4b26aeffcf94.png|https://platform-outputs.agnes-ai.space/images/text-to-image/2026/06/c6649cadabb54aed9d6d72c0855d06d4.png|https://platform-outputs.agnes-ai.space/images/text-to-image/2026/06/0571075c01114aa4bdff7d876e1b40d8.png,121,24
分镜034: 中景，机器人快速起身，背起包，快步走向门口,https://platform-outputs.agnes-ai.space/images/text-to-image/2026/06/67ead2518a4f4756927897af40fd121a.png|https://platform-outputs.agnes-ai.space/images/text-to-image/2026/06/2bf7613e54e947f28132460e160e9a57.png|https://platform-outputs.agnes-ai.space/images/text-to-image/2026/06/0571075c01114aa4bdff7d876e1b40d8.png,121,24
分镜035: 在门口停住，向外观察，街道上出现一个跌跌撞撞的人影,https://platform-outputs.agnes-ai.space/images/text-to-image/2026/06/c6649cadabb54aed9d6d72c0855d06d4.png|https://platform-outputs.agnes-ai.space/images/text-to-image/2026/06/d8fef3d9410c4437be04bdd90f2fd5fb.png|https://platform-outputs.agnes-ai.space/images/text-to-image/2026/06/67ead2518a4f4756927897af40fd121a.png,121,24
分镜036: 远景，丧尸从街道拐角出现，步履蹒跚，衣衫褴褛,https://platform-outputs.agnes-ai.space/images/text-to-image/2026/06/c6649cadabb54aed9d6d72c0855d06d4.png|https://platform-outputs.agnes-ai.space/images/text-to-image/2026/06/d8fef3d9410c4437be04bdd90f2fd5fb.png|https://platform-outputs.agnes-ai.space/images/text-to-image/2026/06/67ead2518a4f4756927897af40fd121a.png,121,24
分镜037: 中景，机器人从门缝观察，LED表情凝重，评估威胁,https://platform-outputs.agnes-ai.space/images/text-to-image/2026/06/3964f511eee347afae9a4b26aeffcf94.png|https://platform-outputs.agnes-ai.space/images/text-to-image/2026/06/67ead2518a4f4756927897af40fd121a.png|https://platform-outputs.agnes-ai.space/images/text-to-image/2026/06/c6649cadabb54aed9d6d72c0855d06d4.png,121,24
分镜038: 丧尸缓慢走近，发出低沉的嘶吼声，镜头推近脸部特写,https://platform-outputs.agnes-ai.space/images/text-to-image/2026/06/cf941f5a0f10497588631fee23d7d85f.png|https://platform-outputs.agnes-ai.space/images/text-to-image/2026/06/c6649cadabb54aed9d6d72c0855d06d4.png|https://platform-outputs.agnes-ai.space/images/text-to-image/2026/06/d8fef3d9410c4437be04bdd90f2fd5fb.png,121,24
分镜039: 特写丧尸浑浊眼球，外露牙齿，腐烂皮肤细节,https://platform-outputs.agnes-ai.space/images/text-to-image/2026/06/cf941f5a0f10497588631fee23d7d85f.png|https://platform-outputs.agnes-ai.space/images/text-to-image/2026/06/c6649cadabb54aed9d6d72c0855d06d4.png|https://platform-outputs.agnes-ai.space/images/text-to-image/2026/06/d8fef3d9410c4437be04bdd90f2fd5fb.png,121,24
分镜040: 中景，机器人决定离开超市，从侧门悄声退出,https://platform-outputs.agnes-ai.space/images/text-to-image/2026/06/67ead2518a4f4756927897af40fd121a.png|https://platform-outputs.agnes-ai.space/images/text-to-image/2026/06/0571075c01114aa4bdff7d876e1b40d8.png|https://platform-outputs.agnes-ai.space/images/text-to-image/2026/06/2bf7613e54e947f28132460e160e9a57.png,121,24
分镜041: 机器人沿建筑阴影移动，避开丧尸视线，战术动作,https://platform-outputs.agnes-ai.space/images/text-to-image/2026/06/67ead2518a4f4756927897af40fd121a.png|https://platform-outputs.agnes-ai.space/images/text-to-image/2026/06/d8fef3d9410c4437be04bdd90f2fd5fb.png|https://platform-outputs.agnes-ai.space/images/text-to-image/2026/06/c6649cadabb54aed9d6d72c0855d06d4.png,121,24
分镜042: 主观视角，从拐角偷看丧尸在街道上徘徊,https://platform-outputs.agnes-ai.space/images/text-to-image/2026/06/c6649cadabb54aed9d6d72c0855d06d4.png|https://platform-outputs.agnes-ai.space/images/text-to-image/2026/06/d8fef3d9410c4437be04bdd90f2fd5fb.png|https://platform-outputs.agnes-ai.space/images/text-to-image/2026/06/2bf7613e54e947f28132460e160e9a57.png,121,24
分镜043: 特写手部解开枪套扣子，缓慢拔枪，金属摩擦声,https://platform-outputs.agnes-ai.space/images/text-to-image/2026/06/337e2c0237654a879c1ada40e6f5f67d.png|https://platform-outputs.agnes-ai.space/images/text-to-image/2026/06/2bf7613e54e947f28132460e160e9a57.png|https://platform-outputs.agnes-ai.space/images/text-to-image/2026/06/67ead2518a4f4756927897af40fd121a.png,121,24
分镜044: 突然另一只丧尸从侧面出现，机器人扭头发现,https://platform-outputs.agnes-ai.space/images/text-to-image/2026/06/c6649cadabb54aed9d6d72c0855d06d4.png|https://platform-outputs.agnes-ai.space/images/text-to-image/2026/06/67ead2518a4f4756927897af40fd121a.png|https://platform-outputs.agnes-ai.space/images/text-to-image/2026/06/d8fef3d9410c4437be04bdd90f2fd5fb.png,121,24
分镜045: 中景快速反应，机器人转身面对两只丧尸，举枪,https://platform-outputs.agnes-ai.space/images/text-to-image/2026/06/67ead2518a4f4756927897af40fd121a.png|https://platform-outputs.agnes-ai.space/images/text-to-image/2026/06/2bf7613e54e947f28132460e160e9a57.png|https://platform-outputs.agnes-ai.space/images/text-to-image/2026/06/c6649cadabb54aed9d6d72c0855d06d4.png,121,24
分镜046: 丧尸发现机器人，加速冲来，发出尖锐嚎叫,https://platform-outputs.agnes-ai.space/images/text-to-image/2026/06/cf941f5a0f10497588631fee23d7d85f.png|https://platform-outputs.agnes-ai.space/images/text-to-image/2026/06/c6649cadabb54aed9d6d72c0855d06d4.png|https://platform-outputs.agnes-ai.space/images/text-to-image/2026/06/67ead2518a4f4756927897af40fd121a.png,121,24
分镜047: 特写LED面部切换到战斗模式：红色光芒，冷酷表情,https://platform-outputs.agnes-ai.space/images/text-to-image/2026/06/3964f511eee347afae9a4b26aeffcf94.png|https://platform-outputs.agnes-ai.space/images/text-to-image/2026/06/67ead2518a4f4756927897af40fd121a.png|https://platform-outputs.agnes-ai.space/images/text-to-image/2026/06/c6649cadabb54aed9d6d72c0855d06d4.png,121,24
分镜048: 中景，机器人扣动扳机，枪口火焰喷出，镜头震动,https://platform-outputs.agnes-ai.space/images/text-to-image/2026/06/2bf7613e54e947f28132460e160e9a57.png|https://platform-outputs.agnes-ai.space/images/text-to-image/2026/06/67ead2518a4f4756927897af40fd121a.png|https://platform-outputs.agnes-ai.space/images/text-to-image/2026/06/c6649cadabb54aed9d6d72c0855d06d4.png,121,24
分镜049: 慢动作特写，子弹穿过空气，击中丧尸胸口，血花飞溅,https://platform-outputs.agnes-ai.space/images/text-to-image/2026/06/cf941f5a0f10497588631fee23d7d85f.png|https://platform-outputs.agnes-ai.space/images/text-to-image/2026/06/2bf7613e54e947f28132460e160e9a57.png|https://platform-outputs.agnes-ai.space/images/text-to-image/2026/06/c6649cadabb54aed9d6d72c0855d06d4.png,121,24
分镜050: 中景，丧尸中弹后仰倒下，尘土飞扬,https://platform-outputs.agnes-ai.space/images/text-to-image/2026/06/c6649cadabb54aed9d6d72c0855d06d4.png|https://platform-outputs.agnes-ai.space/images/text-to-image/2026/06/d8fef3d9410c4437be04bdd90f2fd5fb.png|https://platform-outputs.agnes-ai.space/images/text-to-image/2026/06/2bf7613e54e947f28132460e160e9a57.png,121,24
分镜051: 快速转向另一只丧尸，再开一枪，命中头部,https://platform-outputs.agnes-ai.space/images/text-to-image/2026/06/2bf7613e54e947f28132460e160e9a57.png|https://platform-outputs.agnes-ai.space/images/text-to-image/2026/06/c6649cadabb54aed9d6d72c0855d06d4.png|https://platform-outputs.agnes-ai.space/images/text-to-image/2026/06/67ead2518a4f4756927897af40fd121a.png,121,24
分镜052: 特写第二只丧尸头部中弹，倒地抽搐后静止,https://platform-outputs.agnes-ai.space/images/text-to-image/2026/06/cf941f5a0f10497588631fee23d7d85f.png|https://platform-outputs.agnes-ai.space/images/text-to-image/2026/06/c6649cadabb54aed9d6d72c0855d06d4.png|https://platform-outputs.agnes-ai.space/images/text-to-image/2026/06/d8fef3d9410c4437be04bdd90f2fd5fb.png,121,24
分镜053: 中景，机器人保持射击姿势，缓慢扫视四周,https://platform-outputs.agnes-ai.space/images/text-to-image/2026/06/67ead2518a4f4756927897af40fd121a.png|https://platform-outputs.agnes-ai.space/images/text-to-image/2026/06/2bf7613e54e947f28132460e160e9a57.png|https://platform-outputs.agnes-ai.space/images/text-to-image/2026/06/3964f511eee347afae9a4b26aeffcf94.png,121,24
分镜054: 等待数秒确认无更多威胁，LED切换回正常模式,https://platform-outputs.agnes-ai.space/images/text-to-image/2026/06/3964f511eee347afae9a4b26aeffcf94.png|https://platform-outputs.agnes-ai.space/images/text-to-image/2026/06/67ead2518a4f4756927897af40fd121a.png|https://platform-outputs.agnes-ai.space/images/text-to-image/2026/06/d8fef3d9410c4437be04bdd90f2fd5fb.png,121,24
分镜055: 机器人走近尸体踢了一脚确认死亡，俯身检查,https://platform-outputs.agnes-ai.space/images/text-to-image/2026/06/67ead2518a4f4756927897af40fd121a.png|https://platform-outputs.agnes-ai.space/images/text-to-image/2026/06/c6649cadabb54aed9d6d72c0855d06d4.png|https://platform-outputs.agnes-ai.space/images/text-to-image/2026/06/2bf7613e54e947f28132460e160e9a57.png,121,24
分镜056: 远景，街道尽头出现一大群丧尸，至少20只，缓慢涌来,https://platform-outputs.agnes-ai.space/images/text-to-image/2026/06/c6649cadabb54aed9d6d72c0855d06d4.png|https://platform-outputs.agnes-ai.space/images/text-to-image/2026/06/d8fef3d9410c4437be04bdd90f2fd5fb.png|https://platform-outputs.agnes-ai.space/images/text-to-image/2026/06/67ead2518a4f4756927897af40fd121a.png,121,24
分镜057: 中景，机器人后退一步，评估形势，快速检查弹药,https://platform-outputs.agnes-ai.space/images/text-to-image/2026/06/67ead2518a4f4756927897af40fd121a.png|https://platform-outputs.agnes-ai.space/images/text-to-image/2026/06/2bf7613e54e947f28132460e160e9a57.png|https://platform-outputs.agnes-ai.space/images/text-to-image/2026/06/3964f511eee347afae9a4b26aeffcf94.png,121,24
分镜058: 特写手指打开左轮弹仓检查子弹数，然后合上,https://platform-outputs.agnes-ai.space/images/text-to-image/2026/06/337e2c0237654a879c1ada40e6f5f67d.png|https://platform-outputs.agnes-ai.space/images/text-to-image/2026/06/2bf7613e54e947f28132460e160e9a57.png|https://platform-outputs.agnes-ai.space/images/text-to-image/2026/06/67ead2518a4f4756927897af40fd121a.png,121,24
分镜059: 中景，机器人冲向附近建筑二楼楼梯，快速攀爬,https://platform-outputs.agnes-ai.space/images/text-to-image/2026/06/67ead2518a4f4756927897af40fd121a.png|https://platform-outputs.agnes-ai.space/images/text-to-image/2026/06/d8fef3d9410c4437be04bdd90f2fd5fb.png|https://platform-outputs.agnes-ai.space/images/text-to-image/2026/06/0571075c01114aa4bdff7d876e1b40d8.png,121,24
分镜060: 俯拍，丧尸群涌向建筑下方，爬上楼梯，场面混乱,https://platform-outputs.agnes-ai.space/images/text-to-image/2026/06/c6649cadabb54aed9d6d72c0855d06d4.png|https://platform-outputs.agnes-ai.space/images/text-to-image/2026/06/d8fef3d9410c4437be04bdd90f2fd5fb.png|https://platform-outputs.agnes-ai.space/images/text-to-image/2026/06/67ead2518a4f4756927897af40fd121a.png,121,24
分镜061: 机器人到达二楼平台，俯视下方丧尸群，举枪射击,https://platform-outputs.agnes-ai.space/images/text-to-image/2026/06/67ead2518a4f4756927897af40fd121a.png|https://platform-outputs.agnes-ai.space/images/text-to-image/2026/06/2bf7613e54e947f28132460e160e9a57.png|https://platform-outputs.agnes-ai.space/images/text-to-image/2026/06/c6649cadabb54aed9d6d72c0855d06d4.png,121,24
分镜062: 俯拍中景，连续射击，每一枪打倒一个丧尸,https://platform-outputs.agnes-ai.space/images/text-to-image/2026/06/2bf7613e54e947f28132460e160e9a57.png|https://platform-outputs.agnes-ai.space/images/text-to-image/2026/06/c6649cadabb54aed9d6d72c0855d06d4.png|https://platform-outputs.agnes-ai.space/images/text-to-image/2026/06/67ead2518a4f4756927897af40fd121a.png,121,24
分镜063: 特写弹壳弹跳落地，左轮手枪冒烟,https://platform-outputs.agnes-ai.space/images/text-to-image/2026/06/2bf7613e54e947f28132460e160e9a57.png|https://platform-outputs.agnes-ai.space/images/text-to-image/2026/06/337e2c0237654a879c1ada40e6f5f67d.png|https://platform-outputs.agnes-ai.space/images/text-to-image/2026/06/67ead2518a4f4756927897af40fd121a.png,121,24
分镜064: 中景，丧尸爬上一楼开始上楼梯，镜头跟拍,https://platform-outputs.agnes-ai.space/images/text-to-image/2026/06/c6649cadabb54aed9d6d72c0855d06d4.png|https://platform-outputs.agnes-ai.space/images/text-to-image/2026/06/0571075c01114aa4bdff7d876e1b40d8.png|https://platform-outputs.agnes-ai.space/images/text-to-image/2026/06/67ead2518a4f4756927897af40fd121a.png,121,24
分镜065: 机器人踢倒楼梯，丧尸摔落，继续射击,https://platform-outputs.agnes-ai.space/images/text-to-image/2026/06/67ead2518a4f4756927897af40fd121a.png|https://platform-outputs.agnes-ai.space/images/text-to-image/2026/06/c6649cadabb54aed9d6d72c0855d06d4.png|https://platform-outputs.agnes-ai.space/images/text-to-image/2026/06/2bf7613e54e947f28132460e160e9a57.png,121,24
分镜066: 特写手部快速换弹，弹壳掉落，新弹装入,https://platform-outputs.agnes-ai.space/images/text-to-image/2026/06/337e2c0237654a879c1ada40e6f5f67d.png|https://platform-outputs.agnes-ai.space/images/text-to-image/2026/06/2bf7613e54e947f28132460e160e9a57.png|https://platform-outputs.agnes-ai.space/images/text-to-image/2026/06/67ead2518a4f4756927897af40fd121a.png,121,24
分镜067: 丧尸突破其他楼梯口冲上二楼，机器人后退,https://platform-outputs.agnes-ai.space/images/text-to-image/2026/06/c6649cadabb54aed9d6d72c0855d06d4.png|https://platform-outputs.agnes-ai.space/images/text-to-image/2026/06/0571075c01114aa4bdff7d876e1b40d8.png|https://platform-outputs.agnes-ai.space/images/text-to-image/2026/06/67ead2518a4f4756927897af40fd121a.png,121,24
分镜068: 中景近距格斗，机器人用枪托砸向丧尸头部,https://platform-outputs.agnes-ai.space/images/text-to-image/2026/06/67ead2518a4f4756927897af40fd121a.png|https://platform-outputs.agnes-ai.space/images/text-to-image/2026/06/c6649cadabb54aed9d6d72c0855d06d4.png|https://platform-outputs.agnes-ai.space/images/text-to-image/2026/06/2bf7613e54e947f28132460e160e9a57.png,121,24
分镜069: 特写枪托砸中丧尸脸部，血肉模糊,https://platform-outputs.agnes-ai.space/images/text-to-image/2026/06/cf941f5a0f10497588631fee23d7d85f.png|https://platform-outputs.agnes-ai.space/images/text-to-image/2026/06/2bf7613e54e947f28132460e160e9a57.png|https://platform-outputs.agnes-ai.space/images/text-to-image/2026/06/67ead2518a4f4756927897af40fd121a.png,121,24
分镜070: 转身一脚踢飞另一只丧尸，机械腿部特写,https://platform-outputs.agnes-ai.space/images/text-to-image/2026/06/67ead2518a4f4756927897af40fd121a.png|https://platform-outputs.agnes-ai.space/images/text-to-image/2026/06/c6649cadabb54aed9d6d72c0855d06d4.png|https://platform-outputs.agnes-ai.space/images/text-to-image/2026/06/337e2c0237654a879c1ada40e6f5f67d.png,121,24
分镜071: 中景搏斗，机器人抓住丧尸手臂扭断，动作流畅,https://platform-outputs.agnes-ai.space/images/text-to-image/2026/06/67ead2518a4f4756927897af40fd121a.png|https://platform-outputs.agnes-ai.space/images/text-to-image/2026/06/c6649cadabb54aed9d6d72c0855d06d4.png|https://platform-outputs.agnes-ai.space/images/text-to-image/2026/06/337e2c0237654a879c1ada40e6f5f67d.png,121,24
分镜072: 机器人掏出手枪继续射击，再次命中,https://platform-outputs.agnes-ai.space/images/text-to-image/2026/06/2bf7613e54e947f28132460e160e9a57.png|https://platform-outputs.agnes-ai.space/images/text-to-image/2026/06/67ead2518a4f4756927897af40fd121a.png|https://platform-outputs.agnes-ai.space/images/text-to-image/2026/06/c6649cadabb54aed9d6d72c0855d06d4.png,121,24
分镜073: 全景二楼平台，地上躺满丧尸尸体，机器人喘气,https://platform-outputs.agnes-ai.space/images/text-to-image/2026/06/67ead2518a4f4756927897af40fd121a.png|https://platform-outputs.agnes-ai.space/images/text-to-image/2026/06/c6649cadabb54aed9d6d72c0855d06d4.png|https://platform-outputs.agnes-ai.space/images/text-to-image/2026/06/0571075c01114aa4bdff7d876e1b40d8.png,121,24
分镜074: LED面部显示呼吸急促的数据动画，快速闪烁,https://platform-outputs.agnes-ai.space/images/text-to-image/2026/06/3964f511eee347afae9a4b26aeffcf94.png|https://platform-outputs.agnes-ai.space/images/text-to-image/2026/06/67ead2518a4f4756927897af40fd121a.png|https://platform-outputs.agnes-ai.space/images/text-to-image/2026/06/c6649cadabb54aed9d6d72c0855d06d4.png,121,24
分镜075: 楼下还有丧尸涌来，机器人环顾四周寻找出路,https://platform-outputs.agnes-ai.space/images/text-to-image/2026/06/67ead2518a4f4756927897af40fd121a.png|https://platform-outputs.agnes-ai.space/images/text-to-image/2026/06/c6649cadabb54aed9d6d72c0855d06d4.png|https://platform-outputs.agnes-ai.space/images/text-to-image/2026/06/d8fef3d9410c4437be04bdd90f2fd5fb.png,121,24
分镜076: 向建筑后方移动，看到消防逃生梯,https://platform-outputs.agnes-ai.space/images/text-to-image/2026/06/67ead2518a4f4756927897af40fd121a.png|https://platform-outputs.agnes-ai.space/images/text-to-image/2026/06/0571075c01114aa4bdff7d876e1b40d8.png|https://platform-outputs.agnes-ai.space/images/text-to-image/2026/06/d8fef3d9410c4437be04bdd90f2fd5fb.png,121,24
分镜077: 中景，机器人跑向消防梯，快速攀爬向下,https://platform-outputs.agnes-ai.space/images/text-to-image/2026/06/67ead2518a4f4756927897af40fd121a.png|https://platform-outputs.agnes-ai.space/images/text-to-image/2026/06/0571075c01114aa4bdff7d876e1b40d8.png|https://platform-outputs.agnes-ai.space/images/text-to-image/2026/06/2bf7613e54e947f28132460e160e9a57.png,121,24
分镜078: 下到地面后巷，发现后面也有丧尸接近,https://platform-outputs.agnes-ai.space/images/text-to-image/2026/06/c6649cadabb54aed9d6d72c0855d06d4.png|https://platform-outputs.agnes-ai.space/images/text-to-image/2026/06/67ead2518a4f4756927897af40fd121a.png|https://platform-outputs.agnes-ai.space/images/text-to-image/2026/06/d8fef3d9410c4437be04bdd90f2fd5fb.png,121,24
分镜079: 机器人背靠墙壁，两边都是丧尸，被包围,https://platform-outputs.agnes-ai.space/images/text-to-image/2026/06/67ead2518a4f4756927897af40fd121a.png|https://platform-outputs.agnes-ai.space/images/text-to-image/2026/06/c6649cadabb54aed9d6d72c0855d06d4.png|https://platform-outputs.agnes-ai.space/images/text-to-image/2026/06/2bf7613e54e947f28132460e160e9a57.png,121,24
分镜080: 特写LED面部快速思考的数据流动画寻找生路,https://platform-outputs.agnes-ai.space/images/text-to-image/2026/06/3964f511eee347afae9a4b26aeffcf94.png|https://platform-outputs.agnes-ai.space/images/text-to-image/2026/06/67ead2518a4f4756927897af40fd121a.png|https://platform-outputs.agnes-ai.space/images/text-to-image/2026/06/c6649cadabb54aed9d6d72c0855d06d4.png,121,24
分镜081: 看到旁边下水道井盖，快速决定,https://platform-outputs.agnes-ai.space/images/text-to-image/2026/06/67ead2518a4f4756927897af40fd121a.png|https://platform-outputs.agnes-ai.space/images/text-to-image/2026/06/0571075c01114aa4bdff7d876e1b40d8.png|https://platform-outputs.agnes-ai.space/images/text-to-image/2026/06/d8fef3d9410c4437be04bdd90f2fd5fb.png,121,24
分镜082: 中景，机器人蹲下拉起井盖，丧尸已经逼近,https://platform-outputs.agnes-ai.space/images/text-to-image/2026/06/67ead2518a4f4756927897af40fd121a.png|https://platform-outputs.agnes-ai.space/images/text-to-image/2026/06/337e2c0237654a879c1ada40e6f5f67d.png|https://platform-outputs.agnes-ai.space/images/text-to-image/2026/06/c6649cadabb54aed9d6d72c0855d06d4.png,121,24
分镜083: 特写手部用力拉开井盖，铁盖摩擦地面,https://platform-outputs.agnes-ai.space/images/text-to-image/2026/06/337e2c0237654a879c1ada40e6f5f67d.png|https://platform-outputs.agnes-ai.space/images/text-to-image/2026/06/67ead2518a4f4756927897af40fd121a.png|https://platform-outputs.agnes-ai.space/images/text-to-image/2026/06/c6649cadabb54aed9d6d72c0855d06d4.png,121,24
分镜084: 机器人跳入下水道，在最后一刻拉上井盖,https://platform-outputs.agnes-ai.space/images/text-to-image/2026/06/67ead2518a4f4756927897af40fd121a.png|https://platform-outputs.agnes-ai.space/images/text-to-image/2026/06/0571075c01114aa4bdff7d876e1b40d8.png|https://platform-outputs.agnes-ai.space/images/text-to-image/2026/06/c6649cadabb54aed9d6d72c0855d06d4.png,121,24
分镜085: 主观视角黑暗下水道，机器人打开头灯，光束照向前方,https://platform-outputs.agnes-ai.space/images/text-to-image/2026/06/67ead2518a4f4756927897af40fd121a.png|https://platform-outputs.agnes-ai.space/images/text-to-image/2026/06/3964f511eee347afae9a4b26aeffcf94.png|https://platform-outputs.agnes-ai.space/images/text-to-image/2026/06/0571075c01114aa4bdff7d876e1b40d8.png,121,24
分镜086: 中景，机器人在下水道中行走，水没过脚踝,https://platform-outputs.agnes-ai.space/images/text-to-image/2026/06/67ead2518a4f4756927897af40fd121a.png|https://platform-outputs.agnes-ai.space/images/text-to-image/2026/06/0571075c01114aa4bdff7d876e1b40d8.png|https://platform-outputs.agnes-ai.space/images/text-to-image/2026/06/2bf7613e54e947f28132460e160e9a57.png,121,24
分镜087: 下水道墙壁上的涂鸦和裂缝，年代久远,https://platform-outputs.agnes-ai.space/images/text-to-image/2026/06/0571075c01114aa4bdff7d876e1b40d8.png|https://platform-outputs.agnes-ai.space/images/text-to-image/2026/06/67ead2518a4f4756927897af40fd121a.png|https://platform-outputs.agnes-ai.space/images/text-to-image/2026/06/2bf7613e54e947f28132460e160e9a57.png,121,24
分镜088: 特写LED面部显示导航数据，地图叠加在视野上,https://platform-outputs.agnes-ai.space/images/text-to-image/2026/06/3964f511eee347afae9a4b26aeffcf94.png|https://platform-outputs.agnes-ai.space/images/text-to-image/2026/06/67ead2518a4f4756927897af40fd121a.png|https://platform-outputs.agnes-ai.space/images/text-to-image/2026/06/0571075c01114aa4bdff7d876e1b40d8.png,121,24
分镜089: 听到下水道前方也有丧尸声音，机器人关灯,https://platform-outputs.agnes-ai.space/images/text-to-image/2026/06/67ead2518a4f4756927897af40fd121a.png|https://platform-outputs.agnes-ai.space/images/text-to-image/2026/06/0571075c01114aa4bdff7d876e1b40d8.png|https://platform-outputs.agnes-ai.space/images/text-to-image/2026/06/c6649cadabb54aed9d6d72c0855d06d4.png,121,24
分镜090: 黑暗中仅有LED微弱蓝光，缓慢前进,https://platform-outputs.agnes-ai.space/images/text-to-image/2026/06/3964f511eee347afae9a4b26aeffcf94.png|https://platform-outputs.agnes-ai.space/images/text-to-image/2026/06/67ead2518a4f4756927897af40fd121a.png|https://platform-outputs.agnes-ai.space/images/text-to-image/2026/06/0571075c01114aa4bdff7d876e1b40d8.png,121,24
分镜091: 拐角处遇见下水道丧尸，近距离遭遇,https://platform-outputs.agnes-ai.space/images/text-to-image/2026/06/cf941f5a0f10497588631fee23d7d85f.png|https://platform-outputs.agnes-ai.space/images/text-to-image/2026/06/c6649cadabb54aed9d6d72c0855d06d4.png|https://platform-outputs.agnes-ai.space/images/text-to-image/2026/06/67ead2518a4f4756927897af40fd121a.png,121,24
分镜092: 近距搏斗，机器人用匕首解决丧尸，安静利落,https://platform-outputs.agnes-ai.space/images/text-to-image/2026/06/67ead2518a4f4756927897af40fd121a.png|https://platform-outputs.agnes-ai.space/images/text-to-image/2026/06/c6649cadabb54aed9d6d72c0855d06d4.png|https://platform-outputs.agnes-ai.space/images/text-to-image/2026/06/2bf7613e54e947f28132460e160e9a57.png,121,24
分镜093: 特写匕首刺入丧尸喉咙，黑色血液流出,https://platform-outputs.agnes-ai.space/images/text-to-image/2026/06/cf941f5a0f10497588631fee23d7d85f.png|https://platform-outputs.agnes-ai.space/images/text-to-image/2026/06/67ead2518a4f4756927897af40fd121a.png|https://platform-outputs.agnes-ai.space/images/text-to-image/2026/06/337e2c0237654a879c1ada40e6f5f67d.png,121,24
分镜094: 中景，机器人继续前进，找到出口梯子,https://platform-outputs.agnes-ai.space/images/text-to-image/2026/06/67ead2518a4f4756927897af40fd121a.png|https://platform-outputs.agnes-ai.space/images/text-to-image/2026/06/0571075c01114aa4bdff7d876e1b40d8.png|https://platform-outputs.agnes-ai.space/images/text-to-image/2026/06/2bf7613e54e947f28132460e160e9a57.png,121,24
分镜095: 攀爬梯子向上，推开井盖，夕阳光线射入,https://platform-outputs.agnes-ai.space/images/text-to-image/2026/06/67ead2518a4f4756927897af40fd121a.png|https://platform-outputs.agnes-ai.space/images/text-to-image/2026/06/0571075c01114aa4bdff7d876e1b40d8.png|https://platform-outputs.agnes-ai.space/images/text-to-image/2026/06/835416ff64ca4e04b01f167ac4e8c777.png,121,24
分镜096: 机器人爬出地面，黄昏光线洒在身上,https://platform-outputs.agnes-ai.space/images/text-to-image/2026/06/67ead2518a4f4756927897af40fd121a.png|https://platform-outputs.agnes-ai.space/images/text-to-image/2026/06/d8fef3d9410c4437be04bdd90f2fd5fb.png|https://platform-outputs.agnes-ai.space/images/text-to-image/2026/06/835416ff64ca4e04b01f167ac4e8c777.png,121,24
分镜097: 环顾四周，发现已经到了小镇边缘,https://platform-outputs.agnes-ai.space/images/text-to-image/2026/06/67ead2518a4f4756927897af40fd121a.png|https://platform-outputs.agnes-ai.space/images/text-to-image/2026/06/d8fef3d9410c4437be04bdd90f2fd5fb.png|https://platform-outputs.agnes-ai.space/images/text-to-image/2026/06/835416ff64ca4e04b01f167ac4e8c777.png,121,24
分镜098: 远景，夕阳下小镇轮廓，机器人站在废墟中,https://platform-outputs.agnes-ai.space/images/text-to-image/2026/06/67ead2518a4f4756927897af40fd121a.png|https://platform-outputs.agnes-ai.space/images/text-to-image/2026/06/d8fef3d9410c4437be04bdd90f2fd5fb.png|https://platform-outputs.agnes-ai.space/images/text-to-image/2026/06/835416ff64ca4e04b01f167ac4e8c777.png,121,24
分镜099: 中景，机器人掸去身上尘土，LED显示疲惫表情,https://platform-outputs.agnes-ai.space/images/text-to-image/2026/06/3964f511eee347afae9a4b26aeffcf94.png|https://platform-outputs.agnes-ai.space/images/text-to-image/2026/06/67ead2518a4f4756927897af40fd121a.png|https://platform-outputs.agnes-ai.space/images/text-to-image/2026/06/2bf7613e54e947f28132460e160e9a57.png,121,24
分镜100: 拿出水壶喝水，机械手指擦拭嘴角,https://platform-outputs.agnes-ai.space/images/text-to-image/2026/06/337e2c0237654a879c1ada40e6f5f67d.png|https://platform-outputs.agnes-ai.space/images/text-to-image/2026/06/67ead2518a4f4756927897af40fd121a.png|https://platform-outputs.agnes-ai.space/images/text-to-image/2026/06/835416ff64ca4e04b01f167ac4e8c777.png,121,24
分镜101: 转身看向来时的方向，远处丧尸群还在游荡,https://platform-outputs.agnes-ai.space/images/text-to-image/2026/06/c6649cadabb54aed9d6d72c0855d06d4.png|https://platform-outputs.agnes-ai.space/images/text-to-image/2026/06/d8fef3d9410c4437be04bdd90f2fd5fb.png|https://platform-outputs.agnes-ai.space/images/text-to-image/2026/06/67ead2518a4f4756927897af40fd121a.png,121,24
分镜102: 决定返回车辆，沿建筑边缘小心移动,https://platform-outputs.agnes-ai.space/images/text-to-image/2026/06/67ead2518a4f4756927897af40fd121a.png|https://platform-outputs.agnes-ai.space/images/text-to-image/2026/06/d8fef3d9410c4437be04bdd90f2fd5fb.png|https://platform-outputs.agnes-ai.space/images/text-to-image/2026/06/2bf7613e54e947f28132460e160e9a57.png,121,24
分镜103: 中景跟拍，机器人走回车辆停放位置,https://platform-outputs.agnes-ai.space/images/text-to-image/2026/06/67ead2518a4f4756927897af40fd121a.png|https://platform-outputs.agnes-ai.space/images/text-to-image/2026/06/d8fef3d9410c4437be04bdd90f2fd5fb.png|https://platform-outputs.agnes-ai.space/images/text-to-image/2026/06/835416ff64ca4e04b01f167ac4e8c777.png,121,24
分镜104: 检查车辆，引擎盖重新盖上，准备出发,https://platform-outputs.agnes-ai.space/images/text-to-image/2026/06/67ead2518a4f4756927897af40fd121a.png|https://platform-outputs.agnes-ai.space/images/text-to-image/2026/06/337e2c0237654a879c1ada40e6f5f67d.png|https://platform-outputs.agnes-ai.space/images/text-to-image/2026/06/2bf7613e54e947f28132460e160e9a57.png,121,24
分镜105: 特写手部转动钥匙点火，引擎启动，仪表盘亮起,https://platform-outputs.agnes-ai.space/images/text-to-image/2026/06/337e2c0237654a879c1ada40e6f5f67d.png|https://platform-outputs.agnes-ai.space/images/text-to-image/2026/06/67ead2518a4f4756927897af40fd121a.png|https://platform-outputs.agnes-ai.space/images/text-to-image/2026/06/2bf7613e54e947f28132460e160e9a57.png,121,24
分镜106: 中景车内，机器人系安全带，看一眼小镇后视镜,https://platform-outputs.agnes-ai.space/images/text-to-image/2026/06/67ead2518a4f4756927897af40fd121a.png|https://platform-outputs.agnes-ai.space/images/text-to-image/2026/06/3964f511eee347afae9a4b26aeffcf94.png|https://platform-outputs.agnes-ai.space/images/text-to-image/2026/06/2bf7613e54e947f28132460e160e9a57.png,121,24
分镜107: 挂挡，踩油门，车辆缓缓驶离，镜头跟拍,https://platform-outputs.agnes-ai.space/images/text-to-image/2026/06/67ead2518a4f4756927897af40fd121a.png|https://platform-outputs.agnes-ai.space/images/text-to-image/2026/06/d8fef3d9410c4437be04bdd90f2fd5fb.png|https://platform-outputs.agnes-ai.space/images/text-to-image/2026/06/835416ff64ca4e04b01f167ac4e8c777.png,121,24
分镜108: 远景车辆驶出小镇，沿来时的公路远去,https://platform-outputs.agnes-ai.space/images/text-to-image/2026/06/67ead2518a4f4756927897af40fd121a.png|https://platform-outputs.agnes-ai.space/images/text-to-image/2026/06/d8fef3d9410c4437be04bdd90f2fd5fb.png|https://platform-outputs.agnes-ai.space/images/text-to-image/2026/06/835416ff64ca4e04b01f167ac4e8c777.png,121,24
分镜109: 车尾视角，小镇越来越小，夕阳映照,https://platform-outputs.agnes-ai.space/images/text-to-image/2026/06/67ead2518a4f4756927897af40fd121a.png|https://platform-outputs.agnes-ai.space/images/text-to-image/2026/06/d8fef3d9410c4437be04bdd90f2fd5fb.png|https://platform-outputs.agnes-ai.space/images/text-to-image/2026/06/835416ff64ca4e04b01f167ac4e8c777.png,121,24
分镜110: 车内特写LED面部露出微笑表情，蓝色温暖光芒,https://platform-outputs.agnes-ai.space/images/text-to-image/2026/06/3964f511eee347afae9a4b26aeffcf94.png|https://platform-outputs.agnes-ai.space/images/text-to-image/2026/06/67ead2518a4f4756927897af40fd121a.png|https://platform-outputs.agnes-ai.space/images/text-to-image/2026/06/2bf7613e54e947f28132460e160e9a57.png,121,24
分镜111: 主观视角，前方公路延伸向山脉，天空渐暗,https://platform-outputs.agnes-ai.space/images/text-to-image/2026/06/67ead2518a4f4756927897af40fd121a.png|https://platform-outputs.agnes-ai.space/images/text-to-image/2026/06/d8fef3d9410c4437be04bdd90f2fd5fb.png|https://platform-outputs.agnes-ai.space/images/text-to-image/2026/06/835416ff64ca4e04b01f167ac4e8c777.png,121,24
分镜112: 特写手部打开收音机，传出沙哑的1950年代音乐,https://platform-outputs.agnes-ai.space/images/text-to-image/2026/06/337e2c0237654a879c1ada40e6f5f67d.png|https://platform-outputs.agnes-ai.space/images/text-to-image/2026/06/67ead2518a4f4756927897af40fd121a.png|https://platform-outputs.agnes-ai.space/images/text-to-image/2026/06/2bf7613e54e947f28132460e160e9a57.png,121,24
分镜113: 中景，机器人随音乐轻轻点头，放松状态,https://platform-outputs.agnes-ai.space/images/text-to-image/2026/06/67ead2518a4f4756927897af40fd121a.png|https://platform-outputs.agnes-ai.space/images/text-to-image/2026/06/3964f511eee347afae9a4b26aeffcf94.png|https://platform-outputs.agnes-ai.space/images/text-to-image/2026/06/2bf7613e54e947f28132460e160e9a57.png,121,24
分镜114: 远景车辆在公路上行驶，镜头慢速拉升,https://platform-outputs.agnes-ai.space/images/text-to-image/2026/06/67ead2518a4f4756927897af40fd121a.png|https://platform-outputs.agnes-ai.space/images/text-to-image/2026/06/d8fef3d9410c4437be04bdd90f2fd5fb.png|https://platform-outputs.agnes-ai.space/images/text-to-image/2026/06/835416ff64ca4e04b01f167ac4e8c777.png,121,24
分镜115: 无人机视角，车辆变成小点行驶在荒漠公路上,https://platform-outputs.agnes-ai.space/images/text-to-image/2026/06/67ead2518a4f4756927897af40fd121a.png|https://platform-outputs.agnes-ai.space/images/text-to-image/2026/06/d8fef3d9410c4437be04bdd90f2fd5fb.png|https://platform-outputs.agnes-ai.space/images/text-to-image/2026/06/835416ff64ca4e04b01f167ac4e8c777.png,121,24
分镜116: 夕阳橙色光芒充满画面，车辆剪影在地平线上,https://platform-outputs.agnes-ai.space/images/text-to-image/2026/06/67ead2518a4f4756927897af40fd121a.png|https://platform-outputs.agnes-ai.space/images/text-to-image/2026/06/d8fef3d9410c4437be04bdd90f2fd5fb.png|https://platform-outputs.agnes-ai.space/images/text-to-image/2026/06/835416ff64ca4e04b01f167ac4e8c777.png,121,24
分镜117: 极远景，车辆消失在光芒中，荒漠辽阔,https://platform-outputs.agnes-ai.space/images/text-to-image/2026/06/67ead2518a4f4756927897af40fd121a.png|https://platform-outputs.agnes-ai.space/images/text-to-image/2026/06/d8fef3d9410c4437be04bdd90f2fd5fb.png|https://platform-outputs.agnes-ai.space/images/text-to-image/2026/06/835416ff64ca4e04b01f167ac4e8c777.png,121,24
分镜118: 字幕叠加TO BE CONTINUED原子朋克风格字体,https://platform-outputs.agnes-ai.space/images/text-to-image/2026/06/835416ff64ca4e04b01f167ac4e8c777.png|https://platform-outputs.agnes-ai.space/images/text-to-image/2026/06/67ead2518a4f4756927897af40fd121a.png|https://platform-outputs.agnes-ai.space/images/text-to-image/2026/06/d8fef3d9410c4437be04bdd90f2fd5fb.png,121,24
分镜119: 黑屏淡出，剩下一行小字NEW HAVEN 1962,https://platform-outputs.agnes-ai.space/images/text-to-image/2026/06/835416ff64ca4e04b01f167ac4e8c777.png|https://platform-outputs.agnes-ai.space/images/text-to-image/2026/06/67ead2518a4f4756927897af40fd121a.png|https://platform-outputs.agnes-ai.space/images/text-to-image/2026/06/2bf7613e54e947f28132460e160e9a57.png,121,24
分镜120: 全黑，片尾字幕，音效风声渐远,https://platform-outputs.agnes-ai.space/images/text-to-image/2026/06/835416ff64ca4e04b01f167ac4e8c777.png|https://platform-outputs.agnes-ai.space/images/text-to-image/2026/06/67ead2518a4f4756927897af40fd121a.png|https://platform-outputs.agnes-ai.space/images/text-to-image/2026/06/c6649cadabb54aed9d6d72c0855d06d4.png,121,24
