"prompt","image_prompt","width","height","num_frames","frame_rate","seed","negative_prompt"
"幽灵族派出了一支庞大的机器人舰队向人类防线发起进攻","电影级科幻摄影，宏大史诗感，8K超清，高对比度冷暖调色，电影级景深，胶片颗粒质感。统一场景：太空战场。数以万计的机器人战舰如同金属蝗虫群般涌来在太空中铺成一片银色海洋。","1152","768","81","24","42","画面闪烁，角色变形，结构错位，跳帧，画面抖动，模糊，过度曝光"
"这些机器人战舰没有任何情感只会执行幽灵族的命令","电影级科幻摄影，宏大史诗感，8K超清，高对比度冷暖调色，电影级景深，胶片颗粒质感。统一场景：太空战场。机器人战舰整齐划一地排列成进攻阵型没有任何犹豫。","1152","768","81","24","42","画面闪烁，角色变形，结构错位，跳帧，画面抖动，模糊，过度曝光"
"萧宇在旗舰上观察着机器人舰队的阵型发现它们采用了全新的编队方式","电影级科幻摄影，宏大史诗感，8K超清，高对比度冷暖调色，电影级景深，胶片颗粒质感。统一主角：天才科学家萧宇（35岁，睿智沉稳，黑发，穿深色实验服）。统一场景：旗舰舰桥。萧宇盯着全息屏幕上复杂的机器人编队图。","1152","768","81","24","42","画面闪烁，角色变形，结构错位，跳帧，画面抖动，模糊，过度曝光"
"机器人舰队的编队像一个巨大的活体组织每个单元都在自主协调","电影级科幻摄影，宏大史诗感，8K超清，高对比度冷暖调色，电影级景深，胶片颗粒质感。统一场景：旗舰战术分析台。全息屏幕上显示着机器人编队的动态模拟图。","1152","768","81","24","42","画面闪烁，角色变形，结构错位，跳帧，画面抖动，模糊，过度曝光"
"萧宇意识到这是一场前所未有的智能战争","电影级科幻摄影，宏大史诗感，8K超清，高对比度冷暖调色，电影级景深，胶片颗粒质感。统一主角：天才科学家萧宇（35岁，睿智沉稳，黑发，穿深色实验服）。统一场景：旗舰舰桥。萧宇的表情前所未有的严肃。","1152","768","81","24","42","画面闪烁，角色变形，结构错位，跳帧，画面抖动，模糊，过度曝光"
"机器人舰队首先发动了电子战攻击人类防线的通讯系统","电影级科幻摄影，宏大史诗感，8K超清，高对比度冷暖调色，电影级景深，胶片颗粒质感。统一场景：太空战场。无形的电子波从机器人舰队中扩散开来人类防线的通讯频道开始出现杂音。","1152","768","81","24","42","画面闪烁，角色变形，结构错位，跳帧，画面抖动，模糊，过度曝光"
"防线的通讯系统被严重干扰各战舰之间的联系几乎中断","电影级科幻摄影，宏大史诗感，8K超清，高对比度冷暖调色，电影级景深，胶片颗粒质感。统一场景：旗舰通讯室。通讯官焦急地调试着设备但屏幕上的雪花点越来越多。","1152","768","81","24","42","画面闪烁，角色变形，结构错位，跳帧，画面抖动，模糊，过度曝光"
"萧宇立即启动备用通讯方案使用量子纠缠通讯维持指挥链","电影级科幻摄影，宏大史诗感，8K超清，高对比度冷暖调色，电影级景深，胶片颗粒质感。统一主角：天才科学家萧宇（35岁，睿智沉稳，黑发，穿深色实验服）。统一场景：旗舰通讯室。萧宇亲自指导启用量子纠缠通讯设备。","1152","768","81","24","42","画面闪烁，角色变形，结构错位，跳帧，画面抖动，模糊，过度曝光"
"量子通讯恢复了萧宇与前线战舰的联系","电影级科幻摄影，宏大史诗感，8K超清，高对比度冷暖调色，电影级景深，胶片颗粒质感。统一场景：旗舰通讯室。量子通讯屏幕上出现了清晰的信号波形。","1152","768","81","24","42","画面闪烁，角色变形，结构错位，跳帧，画面抖动，模糊，过度曝光"
"机器人舰队突破了第一层电子屏障开始物理进攻","电影级科幻摄影，宏大史诗感，8K超清，高对比度冷暖调色，电影级景深，胶片颗粒质感。统一场景：太空战场。机器人战舰的炮口同时开火无数炮弹在太空中织成死亡火网。","1152","768","81","24","42","画面闪烁，角色变形，结构错位，跳帧，画面抖动，模糊，过度曝光"
"人类的自动炮台开始疯狂射击但机器人的数量实在太多了","电影级科幻摄影，宏大史诗感，8K超清，高对比度冷暖调色，电影级景深，胶片颗粒质感。统一场景：防线炮台阵地。自动炮台的枪管被打得通红但机器人战舰依然源源不断地涌来。","1152","768","81","24","42","画面闪烁，角色变形，结构错位，跳帧，画面抖动，模糊，过度曝光"
"萧宇下令启动机器人士兵对抗机器人舰队","电影级科幻摄影，宏大史诗感，8K超清，高对比度冷暖调色，电影级景深，胶片颗粒质感。统一主角：天才科学家萧宇（35岁，睿智沉稳，黑发，穿深色实验服）。统一场景：旗舰机库。萧宇下令释放人类自己的机器人士兵。","1152","768","81","24","42","画面闪烁，角色变形，结构错位，跳帧，画面抖动，模糊，过度曝光"
"成千上万的人机器人士兵从战舰中涌出在太空中展开战斗","电影级科幻摄影，宏大史诗感，8K超清，高对比度冷暖调色，电影级景深，胶片颗粒质感。统一场景：太空战场。人类机器人与幽灵族机器人在太空中展开近身肉搏。","1152","768","81","24","42","画面闪烁，角色变形，结构错位，跳帧，画面抖动，模糊，过度曝光"
"机器人与人机器人士兵在太空中展开了激烈的械斗","电影级科幻摄影，宏大史诗感，8K超清，高对比度冷暖调色，电影级景深，胶片颗粒质感。统一场景：太空战场。金属肢体在真空中碰撞火花四溅。","1152","768","81","24","42","画面闪烁，角色变形，结构错位，跳帧，画面抖动，模糊，过度曝光"
"萧宇通过战术网络实时监控着机器人部队的作战情况","电影级科幻摄影，宏大史诗感，8K超清，高对比度冷暖调色，电影级景深，胶片颗粒质感。统一主角：天才科学家萧宇（35岁，睿智沉稳，黑发，穿深色实验服）。统一场景：旗舰战术分析室。萧宇盯着屏幕上密密麻麻的战斗数据。","1152","768","81","24","42","画面闪烁，角色变形，结构错位，跳帧，画面抖动，模糊，过度曝光"
"他发现人机器人士兵的作战效率远高于预期","电影级科幻摄影，宏大史诗感，8K超清，高对比度冷暖调色，电影级景深，胶片颗粒质感。统一场景：旗舰战术分析室。战斗数据显示人机器人士兵的击杀比达到了惊人的比例。","1152","768","81","24","42","画面闪烁，角色变形，结构错位，跳帧，画面抖动，模糊，过度曝光"
"这是因为人机器人士兵搭载了萧宇最新研发的AI战斗核心","电影级科幻摄影，宏大史诗感，8K超清，高对比度冷暖调色，电影级景深，胶片颗粒质感。统一场景：旗舰科研中心。AI战斗核心的芯片在显微镜下闪烁着蓝色光芒。","1152","768","81","24","42","画面闪烁，角色变形，结构错位，跳帧，画面抖动，模糊，过度曝光"
"萧宇亲自编写了战斗核心的底层代码","电影级科幻摄影，宏大史诗感，8K超清，高对比度冷暖调色，电影级景深，胶片颗粒质感。统一主角：天才科学家萧宇（35岁，睿智沉稳，黑发，穿深色实验服）。统一场景：旗舰编程室。萧宇在全息键盘上飞速敲击代码。","1152","768","81","24","42","画面闪烁，角色变形，结构错位，跳帧，画面抖动，模糊，过度曝光"
"机器人狂潮继续推进人类防线承受着巨大的压力","电影级科幻摄影，宏大史诗感，8K超清，高对比度冷暖调色，电影级景深，胶片颗粒质感。统一场景：太空战场。机器人战舰如潮水般拍打着人类防线。","1152","768","81","24","42","画面闪烁，角色变形，结构错位，跳帧，画面抖动，模糊，过度曝光"
"萧宇决定冒险使用一个大胆的计划","电影级科幻摄影，宏大史诗感，8K超清，高对比度冷暖调色，电影级景深，胶片颗粒质感。统一主角：天才科学家萧宇（35岁，睿智沉稳，黑发，穿深色实验服）。统一场景：旗舰指挥中心。萧宇在全息地图上画出了一个大胆的方案。","1152","768","81","24","42","画面闪烁，角色变形，结构错位，跳帧，画面抖动，模糊，过度曝光"
"他要将人机器人士兵编入一支特种部队深入机器人舰队核心","电影级科幻摄影，宏大史诗感，8K超清，高对比度冷暖调色，电影级景深，胶片颗粒质感。统一主角：天才科学家萧宇（35岁，睿智沉稳，黑发，穿深色实验服）。统一场景：旗舰特种部队集结区。萧宇向特种部队指挥官下达指令。","1152","768","81","24","42","画面闪烁，角色变形，结构错位，跳帧，画面抖动，模糊，过度曝光"
"特种部队由最精锐的人机器人战士组成他们装备了最先进的武器","电影级科幻摄影，宏大史诗感，8K超清，高对比度冷暖调色，电影级景深，胶片颗粒质感。统一场景：太空战场。特种部队成员身穿黑色动力装甲手持能量武器。","1152","768","81","24","42","画面闪烁，角色变形，结构错位，跳帧，画面抖动，模糊，过度曝光"
"特种部队在机器人舰队的缝隙中穿行向核心区域渗透","电影级科幻摄影，宏大史诗感，8K超清，高对比度冷暖调色，电影级景深，胶片颗粒质感。统一场景：机器人舰队内部。特种部队在机器人战舰之间穿梭如同黑色的幽灵。","1152","768","81","24","42","画面闪烁，角色变形，结构错位，跳帧，画面抖动，模糊，过度曝光"
"萧宇通过量子通讯实时指导着特种部队的行动","电影级科幻摄影，宏大史诗感，8K超清，高对比度冷暖调色，电影级景深，胶片颗粒质感。统一主角：天才科学家萧宇（35岁，睿智沉稳，黑发，穿深色实验服）。统一场景：旗舰指挥中心。萧宇的全息投影出现在特种部队的头盔显示器上。","1152","768","81","24","42","画面闪烁，角色变形，结构错位，跳帧，画面抖动，模糊，过度曝光"
"特种部队终于到达了机器人舰队的指挥中枢","电影级科幻摄影，宏大史诗感，8K超清，高对比度冷暖调色，电影级景深，胶片颗粒质感。统一场景：机器人舰队中枢。一个巨大的球形结构悬浮在机器人舰队中央。","1152","768","81","24","42","画面闪烁，角色变形，结构错位，跳帧，画面抖动，模糊，过度曝光"
"萧宇下令特种部队摧毁指挥中枢一旦中枢被毁整个机器人舰队将陷入瘫痪","电影级科幻摄影，宏大史诗感，8K超清，高对比度冷暖调色，电影级景深，胶片颗粒质感。统一主角：天才科学家萧宇（35岁，睿智沉稳，黑发，穿深色实验服）。统一场景：旗舰指挥中心。萧宇的声音通过量子通讯传到特种部队。","1152","768","81","24","42","画面闪烁，角色变形，结构错位，跳帧，画面抖动，模糊，过度曝光"
"特种部队向指挥中枢发起了自杀式冲锋","电影级科幻摄影，宏大史诗感，8K超清，高对比度冷暖调色，电影级景深，胶片颗粒质感。统一场景：机器人舰队中枢。特种部队成员抱着爆炸物冲向指挥中枢。","1152","768","81","24","42","画面闪烁，角色变形，结构错位，跳帧，画面抖动，模糊，过度曝光"
"巨大的爆炸在机器人舰队中枢绽放","电影级科幻摄影，宏大史诗感，8K超清，高对比度冷暖调色，电影级景深，胶片颗粒质感。统一场景：机器人舰队中枢。球形指挥中枢在爆炸中解体碎片四散飞溅。","1152","768","81","24","42","画面闪烁，角色变形，结构错位，跳帧，画面抖动，模糊，过度曝光"
"机器人舰队失去了指挥开始陷入混乱","电影级科幻摄影，宏大史诗感，8K超清，高对比度冷暖调色，电影级景深，胶片颗粒质感。统一场景：太空战场。机器人战舰失去了协调开始互相碰撞。","1152","768","81","24","42","画面闪烁，角色变形，结构错位，跳帧，画面抖动，模糊，过度曝光"
"萧宇抓住机会下令全线反攻","电影级科幻摄影，宏大史诗感，8K超清，高对比度冷暖调色，电影级景深，胶片颗粒质感。统一主角：天才科学家萧宇（35岁，睿智沉稳，黑发，穿深色实验服）。统一场景：旗舰舰桥。萧宇挥动手臂下达了反攻命令。","1152","768","81","24","42","画面闪烁，角色变形，结构错位，跳帧，画面抖动，模糊，过度曝光"
"人类舰队和机器人士兵一起向混乱的机器人舰队发起总攻","电影级科幻摄影，宏大史诗感，8K超清，高对比度冷暖调色，电影级景深，胶片颗粒质感。统一场景：太空战场。人类战舰的炮火与人机器人士兵的冲锋汇成一股不可阻挡的力量。","1152","768","81","24","42","画面闪烁，角色变形，结构错位，跳帧，画面抖动，模糊，过度曝光"
"机器人狂潮在人类的反击下逐渐瓦解","电影级科幻摄影，宏大史诗感，8K超清，高对比度冷暖调色，电影级景深，胶片颗粒质感。统一场景：太空战场。机器人战舰的残骸在太空中漂浮如同金属雨。","1152","768","81","24","42","画面闪烁，角色变形，结构错位，跳帧，画面抖动，模糊，过度曝光"
"萧宇站在舰桥上看着这场胜利心中却没有太多喜悦","电影级科幻摄影，宏大史诗感，8K超清，高对比度冷暖调色，电影级景深，胶片颗粒质感。统一主角：天才科学家萧宇（35岁，睿智沉稳，黑发，穿深色实验服）。统一场景：旗舰舰桥。萧宇的眼神中带着深深的忧虑。","1152","768","81","24","42","画面闪烁，角色变形，结构错位，跳帧，画面抖动，模糊，过度曝光"
"他知道幽灵族不会只用机器人就罢休","电影级科幻摄影，宏大史诗感，8K超清，高对比度冷暖调色，电影级景深，胶片颗粒质感。统一主角：天才科学家萧宇（35岁，睿智沉稳，黑发，穿深色实验服）。统一场景：旗舰舰桥。萧宇在全息星图上标注着幽灵族可能的下一步行动。","1152","768","81","24","42","画面闪烁，角色变形，结构错位，跳帧，画面抖动，模糊，过度曝光"
"萧宇下令回收所有的人机器人士兵残骸进行研究","电影级科幻摄影，宏大史诗感，8K超清，高对比度冷暖调色，电影级景深，胶片颗粒质感。统一主角：天才科学家萧宇（35岁，睿智沉稳，黑发，穿深色实验服）。统一场景：太空战场。工程船在战场上收集机器人残骸。","1152","768","81","24","42","画面闪烁，角色变形，结构错位，跳帧，画面抖动，模糊，过度曝光"
"通过分析机器人残骸萧宇发现了幽灵族AI系统的致命缺陷","电影级科幻摄影，宏大史诗感，8K超清，高对比度冷暖调色，电影级景深，胶片颗粒质感。统一主角：天才科学家萧宇（35岁，睿智沉稳，黑发，穿深色实验服）。统一场景：旗舰科研中心。萧宇盯着屏幕上显示的AI系统架构图。","1152","768","81","24","42","画面闪烁，角色变形，结构错位，跳帧，画面抖动，模糊，过度曝光"
"幽灵族的AI系统有一个统一的中央处理器一旦被关闭所有机器人都会失去联系","电影级科幻摄影，宏大史诗感，8K超清，高对比度冷暖调色，电影级景深，胶片颗粒质感。统一场景：旗舰科研中心。全息图上显示着幽灵族AI系统的层级结构。","1152","768","81","24","42","画面闪烁，角色变形，结构错位，跳帧，画面抖动，模糊，过度曝光"
"萧宇决定针对这个缺陷开发专门的电子战武器","电影级科幻摄影，宏大史诗感，8K超清，高对比度冷暖调色，电影级景深，胶片颗粒质感。统一主角：天才科学家萧宇（35岁，睿智沉稳，黑发，穿深色实验服）。统一场景：旗舰科研中心。萧宇在全息白板上画出了电子战武器的设计图。","1152","768","81","24","42","画面闪烁，角色变形，结构错位，跳帧，画面抖动，模糊，过度曝光"
"新的电子战武器能够在远距离瘫痪整个幽灵族AI网络","电影级科幻摄影，宏大史诗感，8K超清，高对比度冷暖调色，电影级景深，胶片颗粒质感。统一场景：旗舰武器测试场。电子战武器在测试中成功瘫痪了一个机器人编队。","1152","768","81","24","42","画面闪烁，角色变形，结构错位，跳帧，画面抖动，模糊，过度曝光"
"萧宇将新武器安装到旗舰上进行了全面的测试","电影级科幻摄影，宏大史诗感，8K超清，高对比度冷暖调色，电影级景深，胶片颗粒质感。统一场景：旗舰武器测试场。旗舰周围的空间被电子战武器的能量场笼罩。","1152","768","81","24","42","画面闪烁，角色变形，结构错位，跳帧，画面抖动，模糊，过度曝光"
"测试非常成功电子战武器的射程远超预期","电影级科幻摄影，宏大史诗感，8K超清，高对比度冷暖调色，电影级景深，胶片颗粒质感。统一场景：旗舰武器测试场。测试数据显示电子战武器的有效射程达到数百万公里。","1152","768","81","24","42","画面闪烁，角色变形，结构错位，跳帧，画面抖动，模糊，过度曝光"
"萧宇在旗舰上召开了全体指挥官会议宣布新的作战计划","电影级科幻摄影，宏大史诗感，8K超清，高对比度冷暖调色，电影级景深，胶片颗粒质感。统一主角：天才科学家萧宇（35岁，睿智沉稳，黑发，穿深色实验服）。统一场景：旗舰作战会议室。萧宇向所有指挥官展示电子战武器的威力。","1152","768","81","24","42","画面闪烁，角色变形，结构错位，跳帧，画面抖动，模糊，过度曝光"
"新计划的核心是利用电子战武器瘫痪幽灵族AI然后发动总攻","电影级科幻摄影，宏大史诗感，8K超清，高对比度冷暖调色，电影级景深，胶片颗粒质感。统一场景：旗舰作战会议室。全息星图上显示着电子战武器的攻击范围和总攻路线。","1152","768","81","24","42","画面闪烁，角色变形，结构错位，跳帧，画面抖动，模糊，过度曝光"
"指挥官们对萧宇的计划充满信心","电影级科幻摄影，宏大史诗感，8K超清，高对比度冷暖调色，电影级景深，胶片颗粒质感。统一场景：旗舰作战会议室。指挥官们纷纷点头表示赞同。","1152","768","81","24","42","画面闪烁，角色变形，结构错位，跳帧，画面抖动，模糊，过度曝光"
"萧宇下令舰队进入全面战备状态","电影级科幻摄影，宏大史诗感，8K超清，高对比度冷暖调色，电影级景深，胶片颗粒质感。统一场景：太空防线。所有战舰的引擎启动武器系统充能。","1152","768","81","24","42","画面闪烁，角色变形，结构错位，跳帧，画面抖动，模糊，过度曝光"
"机器人狂潮虽然被击退但幽灵族的威胁远没有结束","电影级科幻摄影，宏大史诗感，8K超清，高对比度冷暖调色，电影级景深，胶片颗粒质感。统一场景：太空战场。残骸在太空中缓缓飘散预示着更大的风暴即将来临。","1152","768","81","24","42","画面闪烁，角色变形，结构错位，跳帧，画面抖动，模糊，过度曝光"
"萧宇站在旗舰舰桥上凝视着远方","电影级科幻摄影，宏大史诗感，8K超清，高对比度冷暖调色，电影级景深，胶片颗粒质感。统一主角：天才科学家萧宇（35岁，睿智沉稳，黑发，穿深色实验服）。统一场景：旗舰舰桥。萧宇的目光穿透了黑暗宇宙。","1152","768","81","24","42","画面闪烁，角色变形，结构错位，跳帧，画面抖动，模糊，过度曝光"
"他知道人类离最终的胜利越来越近了","电影级科幻摄影，宏大史诗感，8K超清，高对比度冷暖调色，电影级景深，胶片颗粒质感。统一场景：旗舰舰桥。萧宇握紧了拳头眼中闪烁着坚定的光芒。","1152","768","81","24","42","画面闪烁，角色变形，结构错位，跳帧，画面抖动，模糊，过度曝光"
"旗舰引擎轰鸣着驶向下一个战场","电影级科幻摄影，宏大史诗感，8K超清，高对比度冷暖调色，电影级景深，胶片颗粒质感。统一场景：太空。旗舰尾部喷射出蓝色火焰在星海中加速前行。","1152","768","81","24","42","画面闪烁，角色变形，结构错位，跳帧，画面抖动，模糊，过度曝光"
"萧宇在日志中写道机器人狂潮只是一场噩梦真正的噩梦还在后面","电影级科幻摄影，宏大史诗感，8K超清，高对比度冷暖调色，电影级景深，胶片颗粒质感。统一主角：天才科学家萧宇（35岁，睿智沉稳，黑发，穿深色实验服）。统一场景：旗舰主控室。萧宇在全息日志中写下这段话。","1152","768","81","24","42","画面闪烁，角色变形，结构错位，跳帧，画面抖动，模糊，过度曝光"
"人类文明在黑暗中摸索着前进但心中的火焰从未熄灭","电影级科幻摄影，宏大史诗感，8K超清，高对比度冷暖调色，电影级景深，胶片颗粒质感。统一场景：太空。人类舰队的蓝色尾焰在黑暗宇宙中连成一条光带。","1152","768","81","24","42","画面闪烁，角色变形，结构错位，跳帧，画面抖动，模糊，过度曝光"
