row_index,status,prompt,width,height,num_frames,frame_rate,seed,mode,image_prompt,image_prompts,image,extra_body_image,video_id,output_path,error_message,duration_seconds
1,success,地球核心的超级爆炸瞬间发生整个星球从内部被撕裂炽热的岩浆和地核物质从裂缝中喷涌而出强烈的橙红色光芒照亮了太空,,,81,24,42,,,,https://platform-outputs.agnes-ai.space/images/text-to-image/2026/06/ebd5e7b43b60406889fee32bf7532cbd.png,,video_bGl0ZWxsbTpjdXN0b21fbGxtX3Byb3ZpZGVyOm9wZW5haTttb2RlbF9pZDphZ25lcy12aWRlby12Mi4wO3ZpZGVvX2lkOnZpZGVvXzg2M2Q4YTAwN2MyNzExNjBjMjExN2M4YTFhNmFmODhiNzIwYzViMjRlNzJkMjgwOQ==,chapter1_output\0001_地球核心的超级爆炸瞬间发生整个星球从内部_20260614_021114.mp4,,397.9
2,success,强大的爆炸能量以光速向外扩散月球被冲击波击中速度被瞬间加速到每秒一百三十七公里飞向太阳系外,,,81,24,42,,,,https://platform-outputs.agnes-ai.space/images/text-to-image/2026/06/46064c6c587240839d853826b2f85928.png,,video_bGl0ZWxsbTpjdXN0b21fbGxtX3Byb3ZpZGVyOm9wZW5haTttb2RlbF9pZDphZ25lcy12aWRlby12Mi4wO3ZpZGVvX2lkOnZpZGVvXzU5MzhlNmRhZmY4ZjkwNzM1YzQ3YjJiYzIxZDBiNTg3NzI4MDlkZWZjNjk2NDUwYw==,chapter1_output\0002_强大的爆炸能量以光速向外扩散月球被冲击波_20260614_020925.mp4,,289.5
3,success,萧宇站在飞船主控室内三十米长的巨大空间充满了全息数据和仪器显示屏他面色凝重地注视着地球毁灭的全过程,,,81,24,42,,,,https://platform-outputs.agnes-ai.space/images/text-to-image/2026/06/ebd5e7b43b60406889fee32bf7532cbd.png,,video_bGl0ZWxsbTpjdXN0b21fbGxtX3Byb3ZpZGVyOm9wZW5haTttb2RlbF9pZDphZ25lcy12aWRlby12Mi4wO3ZpZGVvX2lkOnZpZGVvX2MxZGMwZmM3Y2NmMzlmNTIyNWJiMTZlMDRlMjk5NTBmYjU3MjdmMjY1NzVjZDZjMA==,chapter1_output\0003_萧宇站在飞船主控室内三十米长的巨大空间充_20260614_020945.mp4,,306.2
4,success,萧宇调动庞大的计算力无数数据流在他眼前的全息屏幕上飞速滚动显示着月球的轨道参数和速度变化,,,81,24,42,,,,https://platform-outputs.agnes-ai.space/images/text-to-image/2026/06/ebd5e7b43b60406889fee32bf7532cbd.png,,video_bGl0ZWxsbTpjdXN0b21fbGxtX3Byb3ZpZGVyOm9wZW5haTttb2RlbF9pZDphZ25lcy12aWRlby12Mi4wO3ZpZGVvX2lkOnZpZGVvXzkxM2IzYTQzOTY0NzQxOWY4MDdmZDExYWU3MWMwNzdkMDlhN2NmYjRmMTE5ZmU5MQ==,chapter1_output\0004_萧宇调动庞大的计算力无数数据流在他眼前的_20260614_021321.mp4,,525.7
5,success,萧宇将飞船速度加到最大引擎喷射出淡蓝色的等离子火焰飞船缓缓远离地球碎片云朝着太阳系外侧加速驶去,,,81,24,42,,,,https://platform-outputs.agnes-ai.space/images/text-to-image/2026/06/46064c6c587240839d853826b2f85928.png,,video_bGl0ZWxsbTpjdXN0b21fbGxtX3Byb3ZpZGVyOm9wZW5haTttb2RlbF9pZDphZ25lcy12aWRlby12Mi4wO3ZpZGVvX2lkOnZpZGVvX2EyNTZmYjVhYmI4YjYyYmE0YTc3NjQxNmE5ZTliMTk3NWJiMTE4ZDA0MGYxZTdkYQ==,chapter1_output\0005_萧宇将飞船速度加到最大引擎喷射出淡蓝色的_20260614_021241.mp4,,483.4
6,success,回忆画面:灾难发生前十年萧宇站在全球科学家的聚光灯下面对媒体和同行们展示地球异常数据的全息投影,,,81,24,42,,,,https://platform-outputs.agnes-ai.space/images/text-to-image/2026/06/7ff68940cb6a45d2b42b72208d877396.png,,video_bGl0ZWxsbTpjdXN0b21fbGxtX3Byb3ZpZGVyOm9wZW5haTttb2RlbF9pZDphZ25lcy12aWRlby12Mi4wO3ZpZGVvX2lkOnZpZGVvXzhiOWZhYTY0ZjE1NmEwZmExODk4MDJhMzBiNWM1YjQ5OWY1YTNmNGY5MzM4NTlkZQ==,chapter1_output\0006_回忆画面_灾难发生前十年萧宇站在全球科学_20260614_021104.mp4,,386.1
7,success,一位中年科学家在电视镜头前激动地对着麦克风大喊满脸通红地嘲讽萧宇的预言身后是闪烁的闪光灯,,,81,24,42,,,,https://platform-outputs.agnes-ai.space/images/text-to-image/2026/06/7ff68940cb6a45d2b42b72208d877396.png,,video_bGl0ZWxsbTpjdXN0b21fbGxtX3Byb3ZpZGVyOm9wZW5haTttb2RlbF9pZDphZ25lcy12aWRlby12Mi4wO3ZpZGVvX2lkOnZpZGVvX2JhN2ViNmRhZDM3YmFiYjczNjIyNDcyYzVlYzI5Y2MzMjAyMGUyNGZhZjcxZmI1Zg==,chapter1_output\0007_一位中年科学家在电视镜头前激动地对着麦克_20260614_020919.mp4,,283.8
8,success,萧宇淡出科学界独自站在海边的悬崖上海风吹拂着实验服望着远处落日和波涛神情落寞而坚定,,,81,24,42,,,,https://platform-outputs.agnes-ai.space/images/text-to-image/2026/06/b3664d00eb37442bbfa1ca28f32a5328.png,,video_bGl0ZWxsbTpjdXN0b21fbGxtX3Byb3ZpZGVyOm9wZW5haTttb2RlbF9pZDphZ25lcy12aWRlby12Mi4wO3ZpZGVvX2lkOnZpZGVvXzhhZjViYmQ2ODkzOGJhYjZlZTcwMzU4YjdjOTFkNzQ2NDg3MzNhZGQ0OWM5OTUyYQ==,chapter1_output\0008_萧宇淡出科学界独自站在海边的悬崖上海风吹_20260614_020908.mp4,,272.3
9,success,萧宇在秘密的地下实验室中疯狂工作了八年时间实验室的灯昼夜不灭巨大的空间里摆满了精密仪器和金属构件,,,81,24,42,,,,https://platform-outputs.agnes-ai.space/images/text-to-image/2026/06/b3664d00eb37442bbfa1ca28f32a5328.png,,video_bGl0ZWxsbTpjdXN0b21fbGxtX3Byb3ZpZGVyOm9wZW5haTttb2RlbF9pZDphZ25lcy12aWRlby12Mi4wO3ZpZGVvX2lkOnZpZGVvXzU0N2MzOWI4YTEzMmI4NWU0MTYyOTg5ZGQ4ZDY5NjEyYzBiOWIwNTAyOTQyYmZkOA==,chapter1_output\0009_萧宇在秘密的地下实验室中疯狂工作了八年时_20260614_020914.mp4,,277.4
10,success,人类第一艘真正意义上的星际飞船在地球同步轨道上缓缓组装完毕巨大的船体在蓝色地球的映衬下无比壮观,,,81,24,42,,,,https://platform-outputs.agnes-ai.space/images/text-to-image/2026/06/46064c6c587240839d853826b2f85928.png,,video_bGl0ZWxsbTpjdXN0b21fbGxtX3Byb3ZpZGVyOm9wZW5haTttb2RlbF9pZDphZ25lcy12aWRlby12Mi4wO3ZpZGVvX2lkOnZpZGVvXzdhMzdkMjM3Yjc4Nzk3YmQ4YWM2N2ZkMjBhNDQ2NDc2OGIzM2NiMzBlY2VmNzYwOQ==,chapter1_output\0010_人类第一艘真正意义上的星际飞船在地球同步_20260614_021234.mp4,,478.4
11,success,萧宇在地面控制中心启动灵魂传输装置他闭目躺在设备中央身体逐渐变得透明灵魂意识通过光束传输向太空中的飞船,,,81,24,42,,,,https://platform-outputs.agnes-ai.space/images/text-to-image/2026/06/ebd5e7b43b60406889fee32bf7532cbd.png,,video_bGl0ZWxsbTpjdXN0b21fbGxtX3Byb3ZpZGVyOm9wZW5haTttb2RlbF9pZDphZ25lcy12aWRlby12Mi4wO3ZpZGVvX2lkOnZpZGVvX2NjZmU4N2M4OGFhMmFlMThjOGUzZmIxYjAzNjVkMTAyOTM4MjY0YWJlYjY2ZWQzNw==,chapter1_output\0011_萧宇在地面控制中心启动灵魂传输装置他闭目_20260614_020931.mp4,,293.5
12,success,灵魂光束穿越大气层飞向同步轨道上的飞船与飞船主控电脑融合的整艘飞船的指示灯同时亮了起来,,,81,24,42,,,,https://platform-outputs.agnes-ai.space/images/text-to-image/2026/06/b3664d00eb37442bbfa1ca28f32a5328.png,,video_bGl0ZWxsbTpjdXN0b21fbGxtX3Byb3ZpZGVyOm9wZW5haTttb2RlbF9pZDphZ25lcy12aWRlby12Mi4wO3ZpZGVvX2lkOnZpZGVvXzkwZWY1OTA3NWJlOGNmYzM3YzMzMGM2YmUyYTRhZjNiODg5ZmM5M2I4ZGVkYmIxMw==,chapter1_output\0012_灵魂光束穿越大气层飞向同步轨道上的飞船与_20260614_020941.mp4,,301.6
13,success,飞船尾部喷射幽蓝等离子尾焰从同步轨道加速逃离地球萧宇的意识已经与飞船融为一体感受着三十米长的新身体,,,81,24,42,,,,https://platform-outputs.agnes-ai.space/images/text-to-image/2026/06/46064c6c587240839d853826b2f85928.png,,video_bGl0ZWxsbTpjdXN0b21fbGxtX3Byb3ZpZGVyOm9wZW5haTttb2RlbF9pZDphZ25lcy12aWRlby12Mi4wO3ZpZGVvX2lkOnZpZGVvX2Q0YzY1M2Y0MjczYWZjMDRkMjg3NWQ0YTNlODU1OWQ2MDhmODg3MzcwNDM4YTBhZQ==,chapter1_output\0013_飞船尾部喷射幽蓝等离子尾焰从同步轨道加速_20260614_021210.mp4,,391.9
14,success,萧宇通过光学望远镜观测地球方向原本蓝色的星球已经变成了一大片光幕海水被太阳蒸发形成巨大彗尾,,,81,24,42,,,,https://platform-outputs.agnes-ai.space/images/text-to-image/2026/06/46064c6c587240839d853826b2f85928.png,,video_bGl0ZWxsbTpjdXN0b21fbGxtX3Byb3ZpZGVyOm9wZW5haTttb2RlbF9pZDphZ25lcy12aWRlby12Mi4wO3ZpZGVvX2lkOnZpZGVvX2M5NmMwOWJmNGFjMWM1NTgyZTk1YjZhNzJjMzhhNTdmNzM5ZDVmZmQ2MjI4ZTNiMw==,chapter1_output\0014_萧宇通过光学望远镜观测地球方向原本蓝色的_20260614_021108.mp4,,391.7
15,success,地球爆炸后形成的无数碎片在太空中缓缓汇聚像钻石尘埃在阳光照射下闪烁数百万年后将重新聚合成新行星,,,81,24,42,,,,https://platform-outputs.agnes-ai.space/images/text-to-image/2026/06/46064c6c587240839d853826b2f85928.png,,video_bGl0ZWxsbTpjdXN0b21fbGxtX3Byb3ZpZGVyOm9wZW5haTttb2RlbF9pZDphZ25lcy12aWRlby12Mi4wO3ZpZGVvX2lkOnZpZGVvX2IwMDYxOGYwMjg3ZjE3Y2ZmODZiNDU3OWI2ODJlZDZjODVjNjNlOTUyZTI3MTk3OA==,chapter1_output\0015_地球爆炸后形成的无数碎片在太空中缓缓汇聚_20260614_021312.mp4,,518.6
16,success,一艘小飞船在无尽的黑暗宇宙中孤独前行远处银河横贯天际星光璀璨如同钻石撒在黑色天鹅绒上,,,81,24,42,,,,https://platform-outputs.agnes-ai.space/images/text-to-image/2026/06/b3664d00eb37442bbfa1ca28f32a5328.png,,video_bGl0ZWxsbTpjdXN0b21fbGxtX3Byb3ZpZGVyOm9wZW5haTttb2RlbF9pZDphZ25lcy12aWRlby12Mi4wO3ZpZGVvX2lkOnZpZGVvX2QxZmM1MjQzYTgzZDFhNmYyMWRmZGU3MjRhOTBiNzcwYmIzZTE4MTA0OThiOGRlMA==,chapter1_output\0016_一艘小飞船在无尽的黑暗宇宙中孤独前行远处_20260614_021120.mp4,,401.4
17,success,远方地球方向突然出现一个异常光点天文望远镜自动对焦系统立刻转动角度追踪这个光点镜片组在黑暗中精密旋转,,,81,24,42,,,,https://platform-outputs.agnes-ai.space/images/text-to-image/2026/06/46064c6c587240839d853826b2f85928.png,,video_bGl0ZWxsbTpjdXN0b21fbGxtX3Byb3ZpZGVyOm9wZW5haTttb2RlbF9pZDphZ25lcy12aWRlby12Mi4wO3ZpZGVvX2lkOnZpZGVvX2Y2YjAxMjZmNzdhYTQ2MTljMjg3MDA5OTQ3ZmE3NjY3Mzg3MWU4NzViYWZiOTlkMA==,chapter1_output\0017_远方地球方向突然出现一个异常光点天文望远_20260614_021330.mp4,,534.4
18,success,萧宇通过计算发现月球轨道异常它以每秒一百三十七公里的惊人速度飞向木星注定发生正面撞击红色警告标注在屏幕上,,,81,24,42,,,,https://platform-outputs.agnes-ai.space/images/text-to-image/2026/06/ebd5e7b43b60406889fee32bf7532cbd.png,,video_bGl0ZWxsbTpjdXN0b21fbGxtX3Byb3ZpZGVyOm9wZW5haTttb2RlbF9pZDphZ25lcy12aWRlby12Mi4wO3ZpZGVvX2lkOnZpZGVvX2QwNDVlZDJkY2VhNDk3NDBkZjBiYTE1YjBlNzk1NTcyNWJhOTg4ODkxYTRjNDlhMg==,chapter1_output\0018_萧宇通过计算发现月球轨道异常它以每秒一百_20260614_021124.mp4,,406.5
19,success,萧宇迅速放弃木卫二计划决定改道火星飞船发动机点火减速以四千米每秒的速度被火星引力捕捉进入环绕轨道,,,81,24,42,,,,https://platform-outputs.agnes-ai.space/images/text-to-image/2026/06/b3664d00eb37442bbfa1ca28f32a5328.png,,video_bGl0ZWxsbTpjdXN0b21fbGxtX3Byb3ZpZGVyOm9wZW5haTttb2RlbF9pZDphZ25lcy12aWRlby12Mi4wO3ZpZGVvX2lkOnZpZGVvXzNhODZjZGEyNThkZDJmMGE3ZTJjZmNiYTQ1ZjJmYjE2NWRiYTBlOWNjYjRkMjFkOQ==,chapter1_output\0019_萧宇迅速放弃木卫二计划决定改道火星飞船发_20260614_021439.mp4,,568.2
20,success,萧宇的飞船在火星背面缓慢绕行透过观测窗看着火星表面赤红色地貌远处地球方向的天空出现异常光亮,,,81,24,42,,,,https://platform-outputs.agnes-ai.space/images/text-to-image/2026/06/46064c6c587240839d853826b2f85928.png,,video_bGl0ZWxsbTpjdXN0b21fbGxtX3Byb3ZpZGVyOm9wZW5haTttb2RlbF9pZDphZ25lcy12aWRlby12Mi4wO3ZpZGVvX2lkOnZpZGVvXzBkZmY5NDU5MWE3YmE4ZWU4YmVhNDE1NDkzZGNiYTg5NThlYzU2YWFlNjFkMDhiYw==,chapter1_output\0020_萧宇的飞船在火星背面缓慢绕行透过观测窗看_20260614_021011.mp4,,306.8
21,success,一颗直径三十米的巨大钢铁陨石以极高速度撞击火星表面瞬间爆发出耀眼的闪光和环形冲击波,,,81,24,42,,,,https://platform-outputs.agnes-ai.space/images/text-to-image/2026/06/b3664d00eb37442bbfa1ca28f32a5328.png,,video_bGl0ZWxsbTpjdXN0b21fbGxtX3Byb3ZpZGVyOm9wZW5haTttb2RlbF9pZDphZ25lcy12aWRlby12Mi4wO3ZpZGVvX2lkOnZpZGVvX2U4MzlhZWZkMWJhOTQ2NzVmNjNlNTY4MTkwMTgyMzk5YzdjMGRhODMzNjk5OWQxYw==,chapter1_output\0021_一颗直径三十米的巨大钢铁陨石以极高速度撞_20260614_021246.mp4,,488.5
22,success,撞击引发连锁反应火星上沉寂万年的火山重新爆发滚滚浓烟和火山灰遮天蔽日永冻冰层融化形成暴雨,,,81,24,42,,,,https://platform-outputs.agnes-ai.space/images/text-to-image/2026/06/b3664d00eb37442bbfa1ca28f32a5328.png,,video_bGl0ZWxsbTpjdXN0b21fbGxtX3Byb3ZpZGVyOm9wZW5haTttb2RlbF9pZDphZ25lcy12aWRlby12Mi4wO3ZpZGVvX2lkOnZpZGVvXzUxZTM2NTVhMTVmNTNlYzc3MjEzY2JiYmVmZTc1NDIxMmNmYmI3YzhmYjFjMzMzMw==,chapter1_output\0022_撞击引发连锁反应火星上沉寂万年的火山重新_20260614_020936.mp4,,297.4
23,success,萧宇在飞船中静静观察手指轻轻敲击控制台计算着月球撞击木星的时间和能量释放规模,,,81,24,42,,,,https://platform-outputs.agnes-ai.space/images/text-to-image/2026/06/ebd5e7b43b60406889fee32bf7532cbd.png,,video_bGl0ZWxsbTpjdXN0b21fbGxtX3Byb3ZpZGVyOm9wZW5haTttb2RlbF9pZDphZ25lcy12aWRlby12Mi4wO3ZpZGVvX2lkOnZpZGVvXzYwZDM1NjgyYjFjNGIzZWU0NmMyMDYwMDBiM2YyNDcwOGVkNWExYTc2YjExYzdjMQ==,chapter1_output\0023_萧宇在飞船中静静观察手指轻轻敲击控制台计_20260614_021525.mp4,,552.9
24,success,萧宇释放小型卫星进入环绕火星轨道卫星展开太阳能电池板搭载的天文望远镜对准了遥远的木星方向,,,81,24,42,,,,https://platform-outputs.agnes-ai.space/images/text-to-image/2026/06/b3664d00eb37442bbfa1ca28f32a5328.png,,video_bGl0ZWxsbTpjdXN0b21fbGxtX3Byb3ZpZGVyOm9wZW5haTttb2RlbF9pZDphZ25lcy12aWRlby12Mi4wO3ZpZGVvX2lkOnZpZGVvXzE2M2E3OWU2Y2Q1Zjk1NjVlOThiMzNhOTkzNjFmMTA5MTU0MTMxNDkxYzRmNzgyZg==,chapter1_output\0024_萧宇释放小型卫星进入环绕火星轨道卫星展开_20260614_021454.mp4,,558.2
25,success,倒计时归零月球以四十多万公里每小时的速度正面撞击木星表面瞬间爆发出超出太阳十几倍的耀眼强光,,,81,24,42,,,,https://platform-outputs.agnes-ai.space/images/text-to-image/2026/06/b3664d00eb37442bbfa1ca28f32a5328.png,,video_bGl0ZWxsbTpjdXN0b21fbGxtX3Byb3ZpZGVyOm9wZW5haTttb2RlbF9pZDphZ25lcy12aWRlby12Mi4wO3ZpZGVvX2lkOnZpZGVvXzRiYTMxY2JlZmJjYzllY2RmMmY3ZTkxZThhYzg5OGJmNTYwYzZlOGQzNjI3ZjEyNg==,chapter1_output\0025_倒计时归零月球以四十多万公里每小时的速度_20260614_021053.mp4,,308.3
26,success,高能辐射线以光速从木星爆发穿过五亿公里太空直接轰击在火星上火星地表瞬间融化成暗红色熔岩洪流,,,81,24,42,,,,https://platform-outputs.agnes-ai.space/images/text-to-image/2026/06/b3664d00eb37442bbfa1ca28f32a5328.png,,video_bGl0ZWxsbTpjdXN0b21fbGxtX3Byb3ZpZGVyOm9wZW5haTttb2RlbF9pZDphZ25lcy12aWRlby12Mi4wO3ZpZGVvX2lkOnZpZGVvXzhiNWY5NWRmN2UwOWU5NGMyMmYyZWI1MDZiMThhZTZlZDE4ODgxMzZkYWVjOTQyZQ==,chapter1_output\0026_高能辐射线以光速从木星爆发穿过五亿公里太_20260614_020950.mp4,,310.9
27,success,超级飓风在火星表面肆虐将碎石和陨石直接刮到同步轨道大气层被加热后形成巨大的风暴漩涡,,,81,24,42,,,,https://platform-outputs.agnes-ai.space/images/text-to-image/2026/06/b3664d00eb37442bbfa1ca28f32a5328.png,,video_bGl0ZWxsbTpjdXN0b21fbGxtX3Byb3ZpZGVyOm9wZW5haTttb2RlbF9pZDphZ25lcy12aWRlby12Mi4wO3ZpZGVvX2lkOnZpZGVvX2E1YmYwNDE3YzYyNjQ5ZDE5MzBiMTE1Yzk1M2ZkYzk2ZDI2NjJkY2I5ZThiNTI0Nw==,chapter1_output\0027_超级飓风在火星表面肆虐将碎石和陨石直接刮_20260614_021130.mp4,,410.9
28,success,萧宇躲在火星背面飞船警报声此起彼伏他看着木星方向持续释放的高能射线心中既震撼又庆幸,,,81,24,42,,,,https://platform-outputs.agnes-ai.space/images/text-to-image/2026/06/b3664d00eb37442bbfa1ca28f32a5328.png,,video_bGl0ZWxsbTpjdXN0b21fbGxtX3Byb3ZpZGVyOm9wZW5haTttb2RlbF9pZDphZ25lcy12aWRlby12Mi4wO3ZpZGVvX2lkOnZpZGVvX2RkMTZlZGI5YmYyZjRlNzk2MjU4NzAzMGFjMzUwMjFmYTM3NTJkZjgwYWM4Y2ExYQ==,chapter1_output\0028_萧宇躲在火星背面飞船警报声此起彼伏他看着_20260614_021434.mp4,,593.9
29,success,木星风以四百万公里每小时的速度席卷火星轨道大气层几乎被瞬间完全剥离露出下方炽热的地表,,,81,24,42,,,,https://platform-outputs.agnes-ai.space/images/text-to-image/2026/06/b3664d00eb37442bbfa1ca28f32a5328.png,,video_bGl0ZWxsbTpjdXN0b21fbGxtX3Byb3ZpZGVyOm9wZW5haTttb2RlbF9pZDphZ25lcy12aWRlby12Mi4wO3ZpZGVvX2lkOnZpZGVvX2Y1ZThhOTI0Mzk0OWQxMzRiNzQzYTcwOWYxNjFkNGU0YzJhYWQ5NmVkNDY2NGJhMA==,chapter1_output\0029_木星风以四百万公里每小时的速度席卷火星轨_20260614_020955.mp4,,317.7
30,success,整个火星变成了一颗巨大彗星拖着长长的彗尾朝向太阳方向飞去彗尾中夹带着无数陨石碎片,,,81,24,42,,,,https://platform-outputs.agnes-ai.space/images/text-to-image/2026/06/b3664d00eb37442bbfa1ca28f32a5328.png,,video_bGl0ZWxsbTpjdXN0b21fbGxtX3Byb3ZpZGVyOm9wZW5haTttb2RlbF9pZDphZ25lcy12aWRlby12Mi4wO3ZpZGVvX2lkOnZpZGVvXzgzODgzZThiZDUwNmE1N2IwNzFlZTU3YTI3MGI2NjE2MzZhNWJmODI3NjY2MWQxMg==,chapter1_output\0030_整个火星变成了一颗巨大彗星拖着长长的彗尾_20260614_021252.mp4,,463.2
31,success,萧宇在黑暗中驾驶飞船灵活穿梭于乱飞的陨石之间雷达屏幕上密密麻麻全是红色碰撞预警,,,81,24,42,,,,https://platform-outputs.agnes-ai.space/images/text-to-image/2026/06/ebd5e7b43b60406889fee32bf7532cbd.png,,video_bGl0ZWxsbTpjdXN0b21fbGxtX3Byb3ZpZGVyOm9wZW5haTttb2RlbF9pZDphZ25lcy12aWRlby12Mi4wO3ZpZGVvX2lkOnZpZGVvX2MwOTgwMGJhMWY0NzY0NGU1M2RjNjAyMzNjNzZjZmMwMWI3YjZlNjU2OGMxNzc2YQ==,chapter1_output\0031_萧宇在黑暗中驾驶飞船灵活穿梭于乱飞的陨石_20260614_021020.mp4,,310.2
32,success,木星风肆虐三天后渐渐平息萧宇启动自检系统飞船受损严重中央电脑运算能力降至百分之三十,,,81,24,42,,,,https://platform-outputs.agnes-ai.space/images/text-to-image/2026/06/b3664d00eb37442bbfa1ca28f32a5328.png,,video_bGl0ZWxsbTpjdXN0b21fbGxtX3Byb3ZpZGVyOm9wZW5haTttb2RlbF9pZDphZ25lcy12aWRlby12Mi4wO3ZpZGVvX2lkOnZpZGVvXzM2ODU0ZDY4YjliODk4MGQ0OTFkZDJjMTU0YzhlNWI0YWI5OWM5Yzc4ODYxMmI3YQ==,chapter1_output\0032_木星风肆虐三天后渐渐平息萧宇启动自检系统_20260614_021339.mp4,,550.4
33,success,木星表面变成了暗红色仿佛在被鲜血覆盖狂暴的气旋在木星表面肆虐卫星轨道受到严重干扰,,,81,24,42,,,,https://platform-outputs.agnes-ai.space/images/text-to-image/2026/06/b3664d00eb37442bbfa1ca28f32a5328.png,,video_bGl0ZWxsbTpjdXN0b21fbGxtX3Byb3ZpZGVyOm9wZW5haTttb2RlbF9pZDphZ25lcy12aWRlby12Mi4wO3ZpZGVvX2lkOnZpZGVvX2FhNDVhMWZiYTFkZTZiNTRhOGU0NWY5NWFmODVmNDFiNzgxNTA5MmY3YTM1NTYzMQ==,chapter1_output\0033_木星表面变成了暗红色仿佛在被鲜血覆盖狂暴_20260614_021356.mp4,,568.9
34,success,萧宇观察到木星撞击点发生了核聚变现象巨大的磁场约束着聚变反应堆这个自然奇迹让他意识颤抖,,,81,24,42,,,,https://platform-outputs.agnes-ai.space/images/text-to-image/2026/06/b3664d00eb37442bbfa1ca28f32a5328.png,,video_bGl0ZWxsbTpjdXN0b21fbGxtX3Byb3ZpZGVyOm9wZW5haTttb2RlbF9pZDphZ25lcy12aWRlby12Mi4wO3ZpZGVvX2lkOnZpZGVvXzA5OTIwNjBiM2NkOWUzNjIxOTgxYjYwYTUzYzJlYjBmODM0MDY5MjRkYTE4ODllYQ==,chapter1_output\0034_萧宇观察到木星撞击点发生了核聚变现象巨大_20260614_021135.mp4,,418.5
35,success,萧宇疯狂收集可控核聚变数据无数公式和参数在计算板上飞速运算他找到了磁场约束的核心秘密,,,81,24,42,,,,https://platform-outputs.agnes-ai.space/images/text-to-image/2026/06/ebd5e7b43b60406889fee32bf7532cbd.png,,video_bGl0ZWxsbTpjdXN0b21fbGxtX3Byb3ZpZGVyOm9wZW5haTttb2RlbF9pZDphZ25lcy12aWRlby12Mi4wO3ZpZGVvX2lkOnZpZGVvX2Q1NjM5NjNiYzRmM2FiYThmZjMxNjg2MDUyODViNmFmNGM4ZTllMjljYjM1ODdmNA==,chapter1_output\0035_萧宇疯狂收集可控核聚变数据无数公式和参数_20260614_021157.mp4,,442.0
36,success,萧宇在心中狂吼建设庞大的宇宙舰队离开太阳系征服银河系意识中释放出压抑已久的激情,,,81,24,42,,,,https://platform-outputs.agnes-ai.space/images/text-to-image/2026/06/b3664d00eb37442bbfa1ca28f32a5328.png,,video_bGl0ZWxsbTpjdXN0b21fbGxtX3Byb3ZpZGVyOm9wZW5haTttb2RlbF9pZDphZ25lcy12aWRlby12Mi4wO3ZpZGVvX2lkOnZpZGVvXzRjMWI4ZDViMDk1YzQ3NjMwODVlNmU5ZTc2MjkwNmNlMjY0NGY0MTRhMjMwNjdlMw==,chapter1_output\0036_萧宇在心中狂吼建设庞大的宇宙舰队离开太阳_20260614_021145.mp4,,423.6
37,success,萧宇在火星轨道上调整方向发动机点燃朝着太阳方向飞去他要做一次大胆的引力弹弓冒险,,,81,24,42,,,,https://platform-outputs.agnes-ai.space/images/text-to-image/2026/06/b3664d00eb37442bbfa1ca28f32a5328.png,,video_bGl0ZWxsbTpjdXN0b21fbGxtX3Byb3ZpZGVyOm9wZW5haTttb2RlbF9pZDphZ25lcy12aWRlby12Mi4wO3ZpZGVvX2lkOnZpZGVvX2Q2YjA1Njg0MTNjYWZmOTA1OWIxNzY1MDYxY2Q1MTJlZWQwMTMwMjE4YzUyZTY3NA==,chapter1_output\0037_萧宇在火星轨道上调整方向发动机点燃朝着太_20260614_021151.mp4,,429.3
38,success,漫长的宇宙漂流之旅开始萧宇关闭大部分非必要系统飞船进入低功耗航行模式只有导航雷达微弱运转,,,81,24,42,,,,https://platform-outputs.agnes-ai.space/images/text-to-image/2026/06/b3664d00eb37442bbfa1ca28f32a5328.png,,video_bGl0ZWxsbTpjdXN0b21fbGxtX3Byb3ZpZGVyOm9wZW5haTttb2RlbF9pZDphZ25lcy12aWRlby12Mi4wO3ZpZGVvX2lkOnZpZGVvXzIyMzdkMzRiNGY5YThjMTk3YTc5N2I5NThmZDRkNDgwMWI1MzNmZGRmMWY3MzU1Ng==,chapter1_output\0038_漫长的宇宙漂流之旅开始萧宇关闭大部分非必_20260614_021003.mp4,,322.4
39,success,萧宇操控飞船上的机器人制作简易滤网在星际空间中收集冰粒和灰尘滤网上缓缓积累着水分子,,,81,24,42,,,,https://platform-outputs.agnes-ai.space/images/text-to-image/2026/06/b3664d00eb37442bbfa1ca28f32a5328.png,,video_bGl0ZWxsbTpjdXN0b21fbGxtX3Byb3ZpZGVyOm9wZW5haTttb2RlbF9pZDphZ25lcy12aWRlby12Mi4wO3ZpZGVvX2lkOnZpZGVvXzE3MDE4YjVkZTFkZDJhOTlhODlkYzkxMTIyOGIxMzI1ODc2NDc3ZTAzZWE4MzgzNA==,chapter1_output\0039_萧宇操控飞船上的机器人制作简易滤网在星际_20260614_021225.mp4,,395.8
40,success,一个月后滤网只收集到不足一千克的物质其中水含量不到百分之三十萧宇无奈地摇头叹气,,,81,24,42,,,,https://platform-outputs.agnes-ai.space/images/text-to-image/2026/06/b3664d00eb37442bbfa1ca28f32a5328.png,,video_bGl0ZWxsbTpjdXN0b21fbGxtX3Byb3ZpZGVyOm9wZW5haTttb2RlbF9pZDphZ25lcy12aWRlby12Mi4wO3ZpZGVvX2lkOnZpZGVvX2E1YTc3ZjQ5OTU3ZDc0ODY2M2FjYTIwYjA2ODZhNGVhM2RlOWE0NWM4OWExZWMxNQ==,chapter1_output\0040_一个月后滤网只收集到不足一千克的物质其中_20260614_021415.mp4,,581.1
41,success,萧宇在航行中找到了天苑四恒星那颗距离太阳最近拥有行星的恒星发出温暖的金色光芒,,,81,24,42,,,,https://platform-outputs.agnes-ai.space/images/text-to-image/2026/06/b3664d00eb37442bbfa1ca28f32a5328.png,,video_bGl0ZWxsbTpjdXN0b21fbGxtX3Byb3ZpZGVyOm9wZW5haTttb2RlbF9pZDphZ25lcy12aWRlby12Mi4wO3ZpZGVvX2lkOnZpZGVvXzFiNDgzNTU3ZWNmMjg0OGJkMDIyMzUyZDhkMDQzOTI5MWU1ZWZlYzJkZmY0N2VkYQ==,chapter1_output\0041_萧宇在航行中找到了天苑四恒星那颗距离太阳_20260614_021508.mp4,,625.1
42,success,萧宇望着天苑四的方向默默许愿希望能成功获取液氢液氧完成人类第一次恒星际航行,,,81,24,42,,,,https://platform-outputs.agnes-ai.space/images/text-to-image/2026/06/b3664d00eb37442bbfa1ca28f32a5328.png,,video_bGl0ZWxsbTpjdXN0b21fbGxtX3Byb3ZpZGVyOm9wZW5haTttb2RlbF9pZDphZ25lcy12aWRlby12Mi4wO3ZpZGVvX2lkOnZpZGVvXzc2ZDFhYTRjNzUzMjVhMTlkYjkzYTJkZWQ1OTAzNzgzYTc1ZDE1MTZjYjA0YTc1ZQ==,chapter1_output\0042_萧宇望着天苑四的方向默默许愿希望能成功获_20260614_021259.mp4,,465.8
43,success,飞船穿越密集的小行星带周围无数岩石碎片在舷窗外飞速掠过萧宇紧张操控规避机动,,,81,24,42,,,,https://platform-outputs.agnes-ai.space/images/text-to-image/2026/06/b3664d00eb37442bbfa1ca28f32a5328.png,,video_bGl0ZWxsbTpjdXN0b21fbGxtX3Byb3ZpZGVyOm9wZW5haTttb2RlbF9pZDphZ25lcy12aWRlby12Mi4wO3ZpZGVvX2lkOnZpZGVvXzc0YTk3OWMzZThmMjUxMDIwN2U4MGQzNTBiNjM0OTdkZmM5ZWY3MmVjNGVjOWY5YQ==,chapter1_output\0043_飞船穿越密集的小行星带周围无数岩石碎片在_20260614_021504.mp4,,561.3
44,success,两个月后飞船接近地球轨道这里现在是彗星聚集的地方大量蒸发的水分子形成巨大的水汽云,,,81,24,42,,,,https://platform-outputs.agnes-ai.space/images/text-to-image/2026/06/46064c6c587240839d853826b2f85928.png,,video_bGl0ZWxsbTpjdXN0b21fbGxtX3Byb3ZpZGVyOm9wZW5haTttb2RlbF9pZDphZ25lcy12aWRlby12Mi4wO3ZpZGVvX2lkOnZpZGVvXzA4NjlmMWU5ODc4MjhmYTI2YmVkNTZhMWQ3OTdhNjc3NThmZTE4MmJhZGViYmJmMw==,chapter1_output\0044_两个月后飞船接近地球轨道这里现在是彗星聚_20260614_021026.mp4,,318.9
45,success,萧宇操控飞船展开巨大收集装置从彗星蒸汽云中收集水分太阳能电离器准备将水电离成液氢和液氧,,,81,24,42,,,,https://platform-outputs.agnes-ai.space/images/text-to-image/2026/06/b3664d00eb37442bbfa1ca28f32a5328.png,,video_bGl0ZWxsbTpjdXN0b21fbGxtX3Byb3ZpZGVyOm9wZW5haTttb2RlbF9pZDphZ25lcy12aWRlby12Mi4wO3ZpZGVvX2lkOnZpZGVvXzlkOTU5Y2MyZmZiOTEwOWY3NjIyZTRhNTNiODZkZGQ2NDVhYjEyZDZiMTAzODhmMQ==,chapter1_output\0045_萧宇操控飞船展开巨大收集装置从彗星蒸汽云_20260614_021040.mp4,,300.3
46,success,收集工作极其艰难萧宇的飞船在彗星云中穿梭数日收集到的水量杯水车薪但他眼神中透着坚韧,,,81,24,42,,,,https://platform-outputs.agnes-ai.space/images/text-to-image/2026/06/b3664d00eb37442bbfa1ca28f32a5328.png,,video_bGl0ZWxsbTpjdXN0b21fbGxtX3Byb3ZpZGVyOm9wZW5haTttb2RlbF9pZDphZ25lcy12aWRlby12Mi4wO3ZpZGVvX2lkOnZpZGVvXzJhMDZkZTFmODIxY2Y2Y2Y4MjFiMzM0NGMyOTVjNmU4YzI3YWExYjQ5MWY1MzVkNg==,chapter1_output\0046_收集工作极其艰难萧宇的飞船在彗星云中穿梭_20260614_021047.mp4,,304.8
47,success,飞船借助太阳引力加速后以二十六公里每秒的极速向外太阳系飞去朝着木星方向飞驰,,,81,24,42,,,,https://platform-outputs.agnes-ai.space/images/text-to-image/2026/06/b3664d00eb37442bbfa1ca28f32a5328.png,,video_bGl0ZWxsbTpjdXN0b21fbGxtX3Byb3ZpZGVyOm9wZW5haTttb2RlbF9pZDphZ25lcy12aWRlby12Mi4wO3ZpZGVvX2lkOnZpZGVvX2IzNGFlN2RiMGYzOGUzZmQzMDIyZTVkMDg0ODE1ZmRmNDBjODhhZGJhZGU4MjQzNg==,chapter1_output\0047_飞船借助太阳引力加速后以二十六公里每秒的_20260614_021515.mp4,,603.4
48,success,飞船接近木星巨大的身影在前方占据整个视野萧宇的飞船从数千万公里外掠过木星引力加速,,,81,24,42,,,,https://platform-outputs.agnes-ai.space/images/text-to-image/2026/06/b3664d00eb37442bbfa1ca28f32a5328.png,,video_bGl0ZWxsbTpjdXN0b21fbGxtX3Byb3ZpZGVyOm9wZW5haTttb2RlbF9pZDphZ25lcy12aWRlby12Mi4wO3ZpZGVvX2lkOnZpZGVvX2M1MDBjYWUxNjA4NDY2Y2UwMTVlOTM3M2UwZDhjZjQ4MDFlNzIzODEwODQ5MTJjMQ==,chapter1_output\0048_飞船接近木星巨大的身影在前方占据整个视野_20260614_021445.mp4,,576.6
49,success,萧宇继续向土星方向前进现在装载着充足燃料可控核聚变技术终于研究成功,,,81,24,42,,,,https://platform-outputs.agnes-ai.space/images/text-to-image/2026/06/b3664d00eb37442bbfa1ca28f32a5328.png,,video_bGl0ZWxsbTpjdXN0b21fbGxtX3Byb3ZpZGVyOm9wZW5haTttb2RlbF9pZDphZ25lcy12aWRlby12Mi4wO3ZpZGVvX2lkOnZpZGVvXzVhY2Q4ZjIzZTc5ZDczOGY1YjlmMjMyMGNiMmNkMWIzOGZkNzE1ZmQ1MDIzNmMxNw==,chapter1_output\0049_萧宇继续向土星方向前进现在装载着充足燃料_20260614_021521.mp4,,604.9
50,success,萧宇修复受损飞船材料加工间日夜不停运转机械臂焊接修补船体上的破洞新设备被一一制造,,,81,24,42,,,,https://platform-outputs.agnes-ai.space/images/text-to-image/2026/06/b3664d00eb37442bbfa1ca28f32a5328.png,,video_bGl0ZWxsbTpjdXN0b21fbGxtX3Byb3ZpZGVyOm9wZW5haTttb2RlbF9pZDphZ25lcy12aWRlby12Mi4wO3ZpZGVvX2lkOnZpZGVvX2U1MmRmYWU2NzExNWNhNGJmNDM4YWNlZWI2ZjNiZTY3NjEzNjQxMTUxM2U3NGQ4ZQ==,chapter1_output\0050_萧宇修复受损飞船材料加工间日夜不停运转机_20260614_021059.mp4,,313.2
51,success,萧宇在观察舱内望着远方土星的六边形风暴和美丽光环心中盘算着征服宇宙计划,,,81,24,42,,,,https://platform-outputs.agnes-ai.space/images/text-to-image/2026/06/b3664d00eb37442bbfa1ca28f32a5328.png,,video_bGl0ZWxsbTpjdXN0b21fbGxtX3Byb3ZpZGVyOm9wZW5haTttb2RlbF9pZDphZ25lcy12aWRlby12Mi4wO3ZpZGVvX2lkOnZpZGVvXzJkYWU3YTI4MTdkYWU2OGRiMjllM2IzOGYxYzlmMzE2YWQ0NjhlNjFiY2M1MDcyMQ==,chapter1_output\0051_萧宇在观察舱内望着远方土星的六边形风暴和_20260614_021430.mp4,,522.7
52,success,萧宇开始规划建造庞大星际舰队全息屏幕展示舰队蓝图从护卫舰到主力战舰再到巨型母舰,,,81,24,42,,,,https://platform-outputs.agnes-ai.space/images/text-to-image/2026/06/ebd5e7b43b60406889fee32bf7532cbd.png,,video_bGl0ZWxsbTpjdXN0b21fbGxtX3Byb3ZpZGVyOm9wZW5haTttb2RlbF9pZDphZ25lcy12aWRlby12Mi4wO3ZpZGVvX2lkOnZpZGVvXzE3MzU3N2QzN2NlNmExNWUyYjQ1NDA1OWI4MmQ4MjA1YzczMDcxODQ1ZTRiYmZhNw==,chapter1_output\0052_萧宇开始规划建造庞大星际舰队全息屏幕展示_20260614_021306.mp4,,448.5
53,success,星际舰队集结完毕数百艘战舰在太空中排列成宏大战斗阵列萧宇站在旗舰指挥舰上准备驶向银河,,,81,24,42,,,,https://platform-outputs.agnes-ai.space/images/text-to-image/2026/06/b3664d00eb37442bbfa1ca28f32a5328.png,,video_bGl0ZWxsbTpjdXN0b21fbGxtX3Byb3ZpZGVyOm9wZW5haTttb2RlbF9pZDphZ25lcy12aWRlby12Mi4wO3ZpZGVvX2lkOnZpZGVvX2RiMWMwMzIyY2JlZWI5YzJmM2VlYTQ4YjBiYjlhMTcyMzQ1ZmUwMWEwZTc2ZTNhZg==,chapter1_output\0053_星际舰队集结完毕数百艘战舰在太空中排列成_20260614_021035.mp4,,295.9
54,success,飞船穿越小行星带周围无数岩石碎片飞速掠过萧宇操控飞船在密集陨石中精准穿行,,,81,24,42,,,,https://platform-outputs.agnes-ai.space/images/text-to-image/2026/06/b3664d00eb37442bbfa1ca28f32a5328.png,,video_bGl0ZWxsbTpjdXN0b21fbGxtX3Byb3ZpZGVyOm9wZW5haTttb2RlbF9pZDphZ25lcy12aWRlby12Mi4wO3ZpZGVvX2lkOnZpZGVvXzQ4NjU1NjYyNDZmZDU0ODRjMThjYzE4NDY4ZTBiYWQzMzlmZTgzODZhNjBmM2QyMA==,chapter1_output\0054_飞船穿越小行星带周围无数岩石碎片飞速掠过_20260614_021529.mp4,,588.9
55,success,飞船采集小行星矿物资源机械臂捕获富含铁镍的金属小行星拖入材料储藏间,,,81,24,42,,,,https://platform-outputs.agnes-ai.space/images/text-to-image/2026/06/b3664d00eb37442bbfa1ca28f32a5328.png,,video_bGl0ZWxsbTpjdXN0b21fbGxtX3Byb3ZpZGVyOm9wZW5haTttb2RlbF9pZDphZ25lcy12aWRlby12Mi4wO3ZpZGVvX2lkOnZpZGVvX2U4YjQ0ZjA0ZDNiNDE3YmExYzQ2OTMyNDA0YjVjNDc5OTVjNjkwMWNmZGQ0ZWI5NQ==,chapter1_output\0055_飞船采集小行星矿物资源机械臂捕获富含铁镍_20260614_021534.mp4,,563.6
56,success,萧宇在实验室中完善可控核聚变技术磁场约束理论趋于完善核聚变反应堆即将建成,,,81,24,42,,,,https://platform-outputs.agnes-ai.space/images/text-to-image/2026/06/b3664d00eb37442bbfa1ca28f32a5328.png,,video_bGl0ZWxsbTpjdXN0b21fbGxtX3Byb3ZpZGVyOm9wZW5haTttb2RlbF9pZDphZ25lcy12aWRlby12Mi4wO3ZpZGVvX2lkOnZpZGVvX2Q5ODlhNzFhZmEyZjk0ODEyNDFlZjE5MmFjN2Q4Y2NlY2Y3Nzc1NmJkNDM1NjllNA==,chapter1_output\0056_萧宇在实验室中完善可控核聚变技术磁场约束_20260614_021548.mp4,,514.0
57,success,可控核聚变反应堆首次启动耀眼蓝色等离子环在磁场约束下稳定燃烧释放无穷能量,,,81,24,42,,,,https://platform-outputs.agnes-ai.space/images/text-to-image/2026/06/b3664d00eb37442bbfa1ca28f32a5328.png,,video_bGl0ZWxsbTpjdXN0b21fbGxtX3Byb3ZpZGVyOm9wZW5haTttb2RlbF9pZDphZ25lcy12aWRlby12Mi4wO3ZpZGVvX2lkOnZpZGVvX2Y3Zjk1NjUxMTM5YjFmOGJjYThkYWIwNTEwNTlkMzBmZTkxNmJjMDZmNTJjMjkxOQ==,chapter1_output\0057_可控核聚变反应堆首次启动耀眼蓝色等离子环_20260614_021540.mp4,,571.0
58,success,萧宇站在反应堆前感受手上传来的无限能源力量星际航行的最大桎梏已被打破,,,81,24,42,,,,https://platform-outputs.agnes-ai.space/images/text-to-image/2026/06/b3664d00eb37442bbfa1ca28f32a5328.png,,video_bGl0ZWxsbTpjdXN0b21fbGxtX3Byb3ZpZGVyOm9wZW5haTttb2RlbF9pZDphZ25lcy12aWRlby12Mi4wO3ZpZGVvX2lkOnZpZGVvXzcwODE3NDM4NGZlZTljYjk2MmI3NjRjZWZlZjAyYzFkYmE0NjI5MmY2NTI0YWQ1Ng==,chapter1_output\0058_萧宇站在反应堆前感受手上传来的无限能源力_20260614_021553.mp4,,546.2
59,success,萧宇大规模建造星际战舰材料加工间日夜不停运转一艘又一艘战舰在太空中组装完毕,,,81,24,42,,,,https://platform-outputs.agnes-ai.space/images/text-to-image/2026/06/b3664d00eb37442bbfa1ca28f32a5328.png,,video_bGl0ZWxsbTpjdXN0b21fbGxtX3Byb3ZpZGVyOm9wZW5haTttb2RlbF9pZDphZ25lcy12aWRlby12Mi4wO3ZpZGVvX2lkOnZpZGVvXzM5NjI3YjYzOTE0MjlmYzJmOWJiMDc4ODU0MTRkYWUxNzk4YTk4M2NhOTFlYzdmYg==,chapter1_output\0059_萧宇大规模建造星际战舰材料加工间日夜不停_20260614_021230.mp4,,371.8
60,success,星际舰队集结在群星之间数百艘战舰引擎蓝色火焰如星河闪烁萧宇准备征服星辰大海,,,81,24,42,,,,https://platform-outputs.agnes-ai.space/images/text-to-image/2026/06/b3664d00eb37442bbfa1ca28f32a5328.png,,video_bGl0ZWxsbTpjdXN0b21fbGxtX3Byb3ZpZGVyOm9wZW5haTttb2RlbF9pZDphZ25lcy12aWRlby12Mi4wO3ZpZGVvX2lkOnZpZGVvXzliOTg0NGZiNjk5YjE0NGZjYThmZTUxMzBlNWJkNWMyY2Q2MTM5NTMzMWFjOTQ1OA==,chapter1_output\0060_星际舰队集结在群星之间数百艘战舰引擎蓝色_20260614_021215.mp4,,392.2
